[
    {
        "name": "Unai Simon",
        "club": "Athletic Bilbao",
        "biography": "Unai Simon, a Spanish goalkeeper known for his agility and shot-stopping ability, has been a reliable presence in Athletic Bilbao's goal...",
        "performance": {
          "2018-2019": {
            "wins": 16,
            "losses": 11,
            "cleanSheets": 9,
            "yellowCards": 0,
            "redCards": 0,
            "goalsConceded": 28,
            "cups": 0,
            "transfers": []
          },
          "2019-2020": {
            "wins": 17,
            "losses": 12,
            "cleanSheets": 8,
            "yellowCards": 1,
            "redCards": 0,
            "goalsConceded": 32,
            "cups": 1,
            "transfers": []
          }
        }
      },
      {
        "name": "Inigo Martinez",
        "club": "Athletic Bilbao",
        "biography": "Inigo Martinez, a Spanish center-back known for his defensive prowess and passing ability, has been a key pillar in Athletic Bilbao's defense...",
        "performance": {
          "2018-2019": {
            "wins": 16,
            "losses": 11,
            "yellowCards": 8,
            "redCards": 1,
            "assists": 2,
            "goalsScored": 2,
            "cups": 0,
            "transfers": []
          },
          "2019-2020": {
            "wins": 17,
            "losses": 12,
            "yellowCards": 6,
            "redCards": 0,
            "assists": 0,
            "goalsScored": 1,
            "cups": 1,
            "transfers": []
          }
        }
      },
      {
        "name": "Yeray Alvarez",
        "club": "Athletic Bilbao",
        "biography": "Yeray Alvarez, a Spanish center-back known for his determination and defensive skills, has been a stalwart in Athletic Bilbao's defense...",
        "performance": {
          "2018-2019": {
            "wins": 16,
            "losses": 11,
            "yellowCards": 7,
            "redCards": 0,
            "assists": 0,
            "goalsScored": 2,
            "cups": 0,
            "transfers": []
          },
          "2019-2020": {
            "wins": 17,
            "losses": 12,
            "yellowCards": 8,
            "redCards": 0,
            "assists": 0,
            "goalsScored": 0,
            "cups": 1,
            "transfers": []
          }
        }
      },
      {
        "name": "Mikel Balenziaga",
        "club": "Athletic Bilbao",
        "biography": "Mikel Balenziaga, a Spanish left-back known for his defensive solidity, has been a consistent presence in Athletic Bilbao's defense...",
        "performance": {
          "2018-2019": {
            "wins": 16,
            "losses": 11,
            "yellowCards": 4,
            "redCards": 0,
            "assists": 2,
            "goalsScored": 0,
            "cups": 0,
            "transfers": []
          },
          "2019-2020": {
            "wins": 17,
            "losses": 12,
            "yellowCards": 7,
            "redCards": 1,
            "assists": 1,
            "goalsScored": 0,
            "cups": 1,
            "transfers": []
          }
        }
      },
      {
        "name": "Dani Garcia",
        "club": "Athletic Bilbao",
        "biography": "Dani Garcia, a Spanish midfielder known for his tenacity and ball-winning ability, has provided a defensive shield in Athletic Bilbao's midfield...",
        "performance": {
          "2018-2019": {
            "wins": 16,
            "losses": 11,
            "yellowCards": 10,
            "redCards": 0,
            "assists": 1,
            "goalsScored": 0,
            "cups": 0,
            "transfers": []
          },
          "2019-2020": {
            "wins": 17,
            "losses": 12,
            "yellowCards": 7,
            "redCards": 1,
            "assists": 2,
            "goalsScored": 1,
            "cups": 1,
            "transfers": []
          }
        }
      },
      {
        "name": "Unai Lopez",
        "club": "Athletic Bilbao",
        "biography": "Unai Lopez, a Spanish midfielder known for his technical skills and passing range, has been a creative force in Athletic Bilbao's midfield...",
        "performance": {
          "2018-2019": {
            "wins": 16,
            "losses": 11,
            "yellowCards": 6,
            "redCards": 0,
            "assists": 4,
            "goalsScored": 3,
            "cups": 0,
            "transfers": []
          },
          "2019-2020": {
            "wins": 17,
            "losses": 12,
            "yellowCards": 6,
            "redCards": 0,
            "assists": 5,
            "goalsScored": 4,
            "cups": 1,
            "transfers": []
          }
        }
      },
   
      {
        "name": "Alex Berenguer",
        "club": "Athletic Bilbao",
        "biography": "Alex Berenguer, a Spanish winger known for his speed and dribbling ability, has been a dynamic presence in Athletic Bilbao's attack...",
        "performance": {
          "2018-2019": {
            "wins": 16,
            "losses": 11,
            "yellowCards": 3,
            "redCards": 0,
            "assists": 3,
            "goalsScored": 2,
            "cups": 0,
            "transfers": [
              {
                "from": "Torino",
                "to": "Athletic Bilbao",
                "time": "2018-08"
              }
            ]
          },
          "2019-2020": {
            "wins": 17,
            "losses": 12,
            "yellowCards": 5,
            "redCards": 0,
            "assists": 5,
            "goalsScored": 3,
            "cups": 1,
            "transfers": []
          }
        }
      },
      {
        "name": "Inaki Williams",
        "club": "Athletic Bilbao",
        "biography": "Inaki Williams, a Spanish forward known for his pace and goal-scoring ability, has been a consistent threat in Athletic Bilbao's attack...",
        "performance": {
          "2018-2019": {
            "wins": 16,
            "losses": 11,
            "yellowCards": 5,
            "redCards": 0,
            "assists": 4,
            "goalsScored": 13,
            "cups": 0,
            "transfers": []
          },
          "2019-2020": {
            "wins": 17,
            "losses": 12,
            "yellowCards": 4,
            "redCards": 0,
            "assists": 6,
            "goalsScored": 15,
            "cups": 1,
            "transfers": []
          }
        }
      },
      {
        "name": "Raul Garcia",
        "club": "Athletic Bilbao",
        "biography": "Raul Garcia, a Spanish midfielder known for his physicality and goal-scoring ability, has been a driving force in Athletic Bilbao's midfield...",
        "performance": {
          "2018-2019": {
            "wins": 16,
            "losses": 11,
            "yellowCards": 6,
            "redCards": 1,
            "assists": 3,
            "goalsScored": 7,
            "cups": 0,
            "transfers": []
          },
          "2019-2020": {
            "wins": 17,
            "losses": 12,
            "yellowCards": 8,
            "redCards": 0,
            "assists": 5,
            "goalsScored": 8,
            "cups": 1,
            "transfers": []
          }
        }
      },
      {
        "name": "Oihan Sancet",
        "club": "Athletic Bilbao",
        "biography": "Oihan Sancet, a Spanish midfielder known for his technical skills and vision, has emerged as a promising talent for Athletic Bilbao...",
        "performance": {
          "2019-2020": {
            "wins": 17,
            "losses": 12,
            "yellowCards": 3,
            "redCards": 0,
            "assists": 1,
            "goalsScored": 2,
            "cups": 1,
            "transfers": []
          }
        }
      },
      {
        "name": "Ander Capa",
        "club": "Athletic Bilbao",
        "biography": "Ander Capa, a Spanish right-back known for his attacking prowess, has provided width to Athletic Bilbao's play...",
        "performance": {
          "2018-2019": {
            "wins": 16,
            "losses": 11,
            "yellowCards": 6,
            "redCards": 0,
            "assists": 4,
            "goalsScored": 1,
            "cups": 0,
            "transfers": []
          },
          "2019-2020": {
            "wins": 17,
            "losses": 12,
            "yellowCards": 5,
            "redCards": 0,
            "assists": 3,
            "goalsScored": 2,
            "cups": 1,
            "transfers": []
          }
        }
      },
      {
        "name": "Mikel Vesga",
        "club": "Athletic Bilbao",
        "biography": "Mikel Vesga, a Spanish midfielder known for his passing ability, has provided control to Athletic Bilbao's midfield...",
        "performance": {
          "2018-2019": {
            "wins": 16,
            "losses": 11,
            "yellowCards": 7,
            "redCards": 0,
            "assists": 2,
            "goalsScored": 1,
            "cups": 0,
            "transfers": []
          },
          "2019-2020": {
            "wins": 17,
            "losses": 12,
            "yellowCards": 5,
            "redCards": 0,
            "assists": 3,
            "goalsScored": 1,
            "cups": 1,
            "transfers": []
          }
        }
      },
      {
        "name": "Jan Oblak",
        "club": "Atletico Madrid",
        "biography": "Jan Oblak, a Slovenian goalkeeper known for his exceptional shot-stopping ability, has been a rock in Atletico Madrid's defense...",
        "performance": {
          "2018-2019": {
            "wins": 22,
            "losses": 7,
            "cleanSheets": 20,
            "yellowCards": 1,
            "redCards": 0,
            "goalsConceded": 24,
            "cups": 0,
            "transfers": [
              {
                "from": "Benfica",
                "to": "Atletico Madrid",
                "time": "2014-07"
              }
            ]
          },
          "2019-2020": {
            "wins": 18,
            "losses": 11,
            "cleanSheets": 16,
            "yellowCards": 0,
            "redCards": 0,
            "goalsConceded": 27,
            "cups": 0,
            "transfers": []
          }
        }
      },
      {
        "name": "Koke",
        "club": "Atletico Madrid",
        "biography": "Koke, a Spanish midfielder known for his passing accuracy and work rate, has been the heartbeat of Atletico Madrid's midfield...",
        "performance": {
          "2018-2019": {
            "wins": 22,
            "losses": 7,
            "yellowCards": 8,
            "redCards": 1,
            "assists": 11,
            "goalsScored": 3,
            "cups": 0,
            "transfers": []
          },
          "2019-2020": {
            "wins": 18,
            "losses": 11,
            "yellowCards": 7,
            "redCards": 0,
            "assists": 7,
            "goalsScored": 4,
            "cups": 0,
            "transfers": []
          }
        }
      },
      {
        "name": "Jose Gimenez",
        "club": "Atletico Madrid",
        "biography": "Jose Gimenez, a Uruguayan center-back known for his defensive prowess and aerial ability, has been a key pillar in Atletico Madrid's backline...",
        "performance": {
          "2018-2019": {
            "wins": 22,
            "losses": 7,
            "yellowCards": 7,
            "redCards": 1,
            "assists": 0,
            "goalsScored": 1,
            "cups": 0,
            "transfers": []
          },
          "2019-2020": {
            "wins": 18,
            "losses": 11,
            "yellowCards": 6,
            "redCards": 1,
            "assists": 0,
            "goalsScored": 0,
            "cups": 0,
            "transfers": []
          }
        }
      },
      {
        "name": "Diego Godin",
        "club": "Atletico Madrid",
        "biography": "Diego Godin, a Uruguayan center-back known for his leadership and defensive solidity, has been an iconic figure for Atletico Madrid...",
        "performance": {
          "2018-2019": {
            "wins": 22,
            "losses": 7,
            "yellowCards": 8,
            "redCards": 0,
            "assists": 2,
            "goalsScored": 4,
            "cups": 0,
            "transfers": [
              {
                "from": "Villarreal",
                "to": "Atletico Madrid",
                "time": "2010-08"
              }
            ]
          },
          "2019-2020": {
            "wins": 18,
            "losses": 11,
            "yellowCards": 5,
            "redCards": 0,
            "assists": 1,
            "goalsScored": 3,
            "cups": 0,
            "transfers": []
          }
        }
      },
      {
        "name": "Thomas Partey",
        "club": "Atletico Madrid",
        "biography": "Thomas Partey, a Ghanaian midfielder known for his physical presence and box-to-box ability, has been a driving force in Atletico Madrid's midfield...",
        "performance": {
          "2018-2019": {
            "wins": 22,
            "losses": 7,
            "yellowCards": 7,
            "redCards": 0,
            "assists": 2,
            "goalsScored": 3,
            "cups": 0,
            "transfers": []
          },
          "2019-2020": {
            "wins": 18,
            "losses": 11,
            "yellowCards": 8,
            "redCards": 0,
            "assists": 3,
            "goalsScored": 4,
            "cups": 0,
            "transfers": []
          }
        }
      },
      {
        "name": "João Félix",
        "club": "Atletico Madrid",
        "biography": "João Félix, a Portuguese forward known for his flair and creativity, has been a rising star in Atletico Madrid's attack...",
        "performance": {
          "2019-2020": {
            "wins": 18,
            "losses": 11,
            "yellowCards": 4,
            "redCards": 0,
            "assists": 6,
            "goalsScored": 9,
            "cups": 0,
            "transfers": [
              {
                "from": "Benfica",
                "to": "Atletico Madrid",
                "time": "2019-07"
              }
            ]
          }
        }
      },
  
      {
        "name": "Marcos Llorente",
        "club": "Atletico Madrid",
        "biography": "Marcos Llorente, a Spanish midfielder known for his defensive skills and versatility, has become a vital player for Atletico Madrid...",
        "performance": {
          "2018-2019": {
            "wins": 22,
            "losses": 7,
            "yellowCards": 7,
            "redCards": 0,
            "assists": 3,
            "goalsScored": 2,
            "cups": 0,
            "transfers": [
              {
                "from": "Real Madrid",
                "to": "Atletico Madrid",
                "time": "2019-07"
              }
            ]
          },
          "2019-2020": {
            "wins": 18,
            "losses": 11,
            "yellowCards": 8,
            "redCards": 1,
            "assists": 6,
            "goalsScored": 6,
            "cups": 0,
            "transfers": []
          }
        }
      },
      {
        "name": "Ángel Correa",
        "club": "Atletico Madrid",
        "biography": "Ángel Correa, an Argentine forward known for his energy and flair, has been an exciting presence in Atletico Madrid's attack...",
        "performance": {
          "2018-2019": {
            "wins": 22,
            "losses": 7,
            "yellowCards": 7,
            "redCards": 0,
            "assists": 5,
            "goalsScored": 5,
            "cups": 0,
            "transfers": []
          },
          "2019-2020": {
            "wins": 18,
            "losses": 11,
            "yellowCards": 6,
            "redCards": 0,
            "assists": 7,
            "goalsScored": 4,
            "cups": 0,
            "transfers": []
          }
        }
      },
      {
        "name": "Héctor Herrera",
        "club": "Atletico Madrid",
        "biography": "Héctor Herrera, a Mexican midfielder known for his leadership and versatility, has added depth to Atletico Madrid's midfield...",
        "performance": {
          "2019-2020": {
            "wins": 18,
            "losses": 11,
            "yellowCards": 5,
            "redCards": 0,
            "assists": 3,
            "goalsScored": 2,
            "cups": 0,
            "transfers": [
              {
                "from": "Porto",
                "to": "Atletico Madrid",
                "time": "2019-07"
              }
            ]
          }
        }
      },
      {
        "name": "Renan Lodi",
        "club": "Atletico Madrid",
        "biography": "Renan Lodi, a Brazilian left-back known for his attacking prowess and defensive abilities, has been a promising talent for Atletico Madrid...",
        "performance": {
          "2019-2020": {
            "wins": 18,
            "losses": 11,
            "yellowCards": 5,
            "redCards": 0,
            "assists": 4,
            "goalsScored": 1,
            "cups": 0,
            "transfers": [
              {
                "from": "Athletico Paranaense",
                "to": "Atletico Madrid",
                "time": "2019-07"
              }
            ]
          }
        }
      },
      {
        "name": "Saúl Ñíguez",
        "club": "Atletico Madrid",
        "biography": "Saúl Ñíguez, a Spanish midfielder known for his versatility and tenacity, has been a consistent performer for Atletico Madrid...",
        "performance": {
          "2018-2019": {
            "wins": 22,
            "losses": 7,
            "yellowCards": 8,
            "redCards": 0,
            "assists": 5,
            "goalsScored": 8,
            "cups": 0,
            "transfers": []
          },
          "2019-2020": {
            "wins": 18,
            "losses": 11,
            "yellowCards": 7,
            "redCards": 0,
            "assists": 2,
            "goalsScored": 4,
            "cups": 0,
            "transfers": []
          }
        }
      },
      {
        "name": "Álvaro Morata",
        "club": "Atletico Madrid",
        "biography": "Álvaro Morata, a Spanish striker known for his clinical finishing, has been a goal-scoring threat for Atletico Madrid...",
        "performance": {
          "2019-2020": {
            "wins": 18,
            "losses": 11,
            "yellowCards": 5,
            "redCards": 0,
            "assists": 5,
            "goalsScored": 16,
            "cups": 0,
            "transfers": [
              {
                "from": "Chelsea",
                "to": "Atletico Madrid",
                "time": "2020-01"
              }
            ]
          }
        }
      },
      {
        "name": "Lionel Messi",
        "club": "FC Barcelona",
        "biography": "Lionel Messi, an Argentine forward widely regarded as one of the greatest footballers of all time, has been the talismanic figure for FC Barcelona...",
        "performance": {
          "2018-2019": {
            "wins": 26,
            "losses": 9,
            "yellowCards": 2,
            "redCards": 0,
            "assists": 12,
            "goalsScored": 36,
            "cups": 2,
            "transfers": []
          },
          "2019-2020": {
            "wins": 25,
            "losses": 9,
            "yellowCards": 4,
            "redCards": 0,
            "assists": 25,
            "goalsScored": 31,
            "cups": 0,
            "transfers": []
          }
        }
      },
      {
        "name": "Sergio Busquets",
        "club": "FC Barcelona",
        "biography": "Sergio Busquets, a Spanish midfielder known for his intelligent positioning and passing ability, has been a vital cog in FC Barcelona's midfield...",
        "performance": {
          "2018-2019": {
            "wins": 26,
            "losses": 9,
            "yellowCards": 6,
            "redCards": 0,
            "assists": 6,
            "goalsScored": 3,
            "cups": 2,
            "transfers": []
          },
          "2019-2020": {
            "wins": 25,
            "losses": 9,
            "yellowCards": 5,
            "redCards": 0,
            "assists": 6,
            "goalsScored": 1,
            "cups": 0,
            "transfers": []
          }
        }
      },
      {
        "name": "Gerard Piqué",
        "club": "FC Barcelona",
        "biography": "Gerard Piqué, a Spanish center-back known for his defensive skills and leadership, has been a mainstay in FC Barcelona's defense...",
        "performance": {
          "2018-2019": {
            "wins": 26,
            "losses": 9,
            "yellowCards": 7,
            "redCards": 1,
            "assists": 2,
            "goalsScored": 3,
            "cups": 2,
            "transfers": []
          },
          "2019-2020": {
            "wins": 25,
            "losses": 9,
            "yellowCards": 5,
            "redCards": 1,
            "assists": 2,
            "goalsScored": 4,
            "cups": 0,
            "transfers": []
          }
        }
      },
      {
        "name": "Jordi Alba",
        "club": "FC Barcelona",
        "biography": "Jordi Alba, a Spanish left-back known for his pace and overlapping runs, has been a source of width and creativity for FC Barcelona...",
        "performance": {
          "2018-2019": {
            "wins": 26,
            "losses": 9,
            "yellowCards": 5,
            "redCards": 0,
            "assists": 10,
            "goalsScored": 3,
            "cups": 2,
            "transfers": []
          },
          "2019-2020": {
            "wins": 25,
            "losses": 9,
            "yellowCards": 6,
            "redCards": 0,
            "assists": 9,
            "goalsScored": 3,
            "cups": 0,
            "transfers": []
          }
        }
      },
      {
        "name": "Frenkie de Jong",
        "club": "FC Barcelona",
        "biography": "Frenkie de Jong, a Dutch midfielder known for his dribbling ability and vision, has brought dynamism to FC Barcelona's midfield...",
        "performance": {
          "2019-2020": {
            "wins": 25,
            "losses": 9,
            "yellowCards": 4,
            "redCards": 0,
            "assists": 4,
            "goalsScored": 2,
            "cups": 0,
            "transfers": [
              {
                "from": "Ajax",
                "to": "FC Barcelona",
                "time": "2019-07"
              }
            ]
          }
        }
      },
      {
        "name": "Ansu Fati",
        "club": "FC Barcelona",
        "biography": "Ansu Fati, a Spanish forward known for his explosive pace and finishing, has emerged as a promising talent for FC Barcelona...",
        "performance": {
          "2019-2020": {
            "wins": 25,
            "losses": 9,
            "yellowCards": 1,
            "redCards": 0,
            "assists": 3,
            "goalsScored": 8,
            "cups": 0,
            "transfers": []
          }
        }
      },
      {
        "name": "Marc-André ter Stegen",
        "club": "FC Barcelona",
        "biography": "Marc-André ter Stegen, a German goalkeeper known for his shot-stopping and distribution, has been a reliable presence in FC Barcelona's goal...",
        "performance": {
          "2018-2019": {
            "wins": 26,
            "losses": 9,
            "cleanSheets": 21,
            "yellowCards": 0,
            "redCards": 0,
            "goalsConceded": 30,
            "cups": 2,
            "transfers": [
              {
                "from": "Borussia Mönchengladbach",
                "to": "FC Barcelona",
                "time": "2014-05"
              }
            ]
          },
          "2019-2020": {
            "wins": 25,
            "losses": 9,
            "cleanSheets": 15,
            "yellowCards": 0,
            "redCards": 0,
            "goalsConceded": 30,
            "cups": 0,
            "transfers": []
          }
        }
      },
  
      {
        "name": "Antoine Griezmann",
        "club": "FC Barcelona",
        "biography": "Antoine Griezmann, a French forward known for his versatility and goal-scoring ability, has brought flair to FC Barcelona's attack...",
        "performance": {
          "2019-2020": {
            "wins": 25,
            "losses": 9,
            "yellowCards": 4,
            "redCards": 0,
            "assists": 4,
            "goalsScored": 15,
            "cups": 0,
            "transfers": [
              {
                "from": "Atletico Madrid",
                "to": "FC Barcelona",
                "time": "2019-07"
              }
            ]
          }
        }
      },
      {
        "name": "Miralem Pjanic",
        "club": "FC Barcelona",
        "biography": "Miralem Pjanic, a Bosnian midfielder known for his passing range and set-piece expertise, has added depth to FC Barcelona's midfield...",
        "performance": {
          "2020-2021": {
            "wins": 24,
            "losses": 9,
            "yellowCards": 5,
            "redCards": 0,
            "assists": 4,
            "goalsScored": 3,
            "cups": 0,
            "transfers": [
              {
                "from": "Juventus",
                "to": "FC Barcelona",
                "time": "2020-09"
              }
            ]
          }
        }
      },
      {
        "name": "Sergi Roberto",
        "club": "FC Barcelona",
        "biography": "Sergi Roberto, a Spanish utility player known for his versatility and work ethic, has been a valuable asset in FC Barcelona's squad...",
        "performance": {
          "2018-2019": {
            "wins": 26,
            "losses": 9,
            "yellowCards": 9,
            "redCards": 1,
            "assists": 3,
            "goalsScored": 1,
            "cups": 2,
            "transfers": []
          },
          "2019-2020": {
            "wins": 25,
            "losses": 9,
            "yellowCards": 6,
            "redCards": 0,
            "assists": 5,
            "goalsScored": 2,
            "cups": 0,
            "transfers": []
          }
        }
      },
      {
        "name": "Ousmane Dembélé",
        "club": "FC Barcelona",
        "biography": "Ousmane Dembélé, a French winger known for his speed and dribbling ability, has been a dynamic presence in FC Barcelona's attack...",
        "performance": {
          "2018-2019": {
            "wins": 26,
            "losses": 9,
            "yellowCards": 2,
            "redCards": 0,
            "assists": 9,
            "goalsScored": 8,
            "cups": 2,
            "transfers": [
              {
                "from": "Borussia Dortmund",
                "to": "FC Barcelona",
                "time": "2017-08"
              }
            ]
          },
          "2019-2020": {
            "wins": 25,
            "losses": 9,
            "yellowCards": 3,
            "redCards": 0,
            "assists": 5,
            "goalsScored": 6,
            "cups": 0,
            "transfers": []
          }
        }
      },
      {
        "name": "Philippe Coutinho",
        "club": "FC Barcelona",
        "biography": "Philippe Coutinho, a Brazilian midfielder known for his creativity and shooting ability, has contributed flair to FC Barcelona's midfield...",
        "performance": {
          "2018-2019": {
            "wins": 26,
            "losses": 9,
            "yellowCards": 5,
            "redCards": 0,
            "assists": 2,
            "goalsScored": 5,
            "cups": 2,
            "transfers": [
              {
                "from": "Liverpool",
                "to": "FC Barcelona",
                "time": "2018-01"
              }
            ]
          },
          "2019-2020": {
            "wins": 25,
            "losses": 9,
            "yellowCards": 3,
            "redCards": 0,
            "assists": 3,
            "goalsScored": 8,
            "cups": 0,
            "transfers": []
          }
        }
      },
      {
        "name": "Pedri",
        "club": "FC Barcelona",
        "biography": "Pedri, a Spanish midfielder known for his vision and composure on the ball, has showcased maturity beyond his years at FC Barcelona...",
        "performance": {
          "2020-2021": {
            "wins": 24,
            "losses": 9,
            "yellowCards": 1,
            "redCards": 0,
            "assists": 6,
            "goalsScored": 3,
            "cups": 0,
            "transfers": []
          }
        }
      },
      {
        "name": "Marcos Llorente",
        "club": "FC Barcelona",
        "biography": "Marcos Llorente, a Spanish midfielder known for his defensive skills and versatility, has been a valuable asset in FC Barcelona's squad...",
        "performance": {
          "2019-2020": {
            "wins": 25,
            "losses": 9,
            "yellowCards": 6,
            "redCards": 0,
            "assists": 4,
            "goalsScored": 3,
            "cups": 0,
            "transfers": [
              {
                "from": "Real Madrid",
                "to": "FC Barcelona",
                "time": "2019-07"
              }
            ]
          }
        }
      },
      {
        "name": "Karim Benzema",
        "club": "Real Madrid",
        "biography": "Karim Benzema, a French striker known for his clinical finishing and link-up play, has been Real Madrid's main attacking force...",
        "performance": {
          "2018-2019": {
            "wins": 21,
            "losses": 5,
            "yellowCards": 2,
            "redCards": 0,
            "assists": 8,
            "goalsScored": 30,
            "cups": 1,
            "transfers": [
              {
                "from": "Olympique Lyon",
                "to": "Real Madrid",
                "time": "2009-07"
              }
            ]
          },
          "2019-2020": {
            "wins": 21,
            "losses": 8,
            "yellowCards": 2,
            "redCards": 0,
            "assists": 8,
            "goalsScored": 27,
            "cups": 0,
            "transfers": []
          }
        }
      },
      {
        "name": "Sergio Ramos",
        "club": "Real Madrid",
        "biography": "Sergio Ramos, a Spanish center-back known for his leadership and defensive prowess, has been a cornerstone of Real Madrid's defense...",
        "performance": {
          "2018-2019": {
            "wins": 21,
            "losses": 5,
            "yellowCards": 10,
            "redCards": 2,
            "assists": 6,
            "goalsScored": 11,
            "cups": 1,
            "transfers": [
              {
                "from": "Sevilla FC",
                "to": "Real Madrid",
                "time": "2005-08"
              }
            ]
          },
          "2019-2020": {
            "wins": 21,
            "losses": 8,
            "yellowCards": 9,
            "redCards": 0,
            "assists": 3,
            "goalsScored": 13,
            "cups": 0,
            "transfers": []
          }
        }
      },
      {
        "name": "Luka Modrić",
        "club": "Real Madrid",
        "biography": "Luka Modrić, a Croatian midfielder known for his creativity and ball control, has been the creative engine in Real Madrid's midfield...",
        "performance": {
          "2018-2019": {
            "wins": 21,
            "losses": 5,
            "yellowCards": 3,
            "redCards": 0,
            "assists": 10,
            "goalsScored": 4,
            "cups": 1,
            "transfers": [
              {
                "from": "Tottenham Hotspur",
                "to": "Real Madrid",
                "time": "2012-08"
              }
            ]
          },
          "2019-2020": {
            "wins": 21,
            "losses": 8,
            "yellowCards": 4,
            "redCards": 0,
            "assists": 8,
            "goalsScored": 5,
            "cups": 0,
            "transfers": []
          }
        }
      },
      {
        "name": "Casemiro",
        "club": "Real Madrid",
        "biography": "Casemiro, a Brazilian midfielder known for his defensive skills and work rate, has provided solidity in Real Madrid's midfield...",
        "performance": {
          "2018-2019": {
            "wins": 21,
            "losses": 5,
            "yellowCards": 10,
            "redCards": 0,
            "assists": 2,
            "goalsScored": 5,
            "cups": 1,
            "transfers": [
              {
                "from": "FC Porto",
                "to": "Real Madrid",
                "time": "2013-07"
              }
            ]
          },
          "2019-2020": {
            "wins": 21,
            "losses": 8,
            "yellowCards": 8,
            "redCards": 0,
            "assists": 3,
            "goalsScored": 3,
            "cups": 0,
            "transfers": []
          }
        }
      },
      {
        "name": "Toni Kroos",
        "club": "Real Madrid",
        "biography": "Toni Kroos, a German midfielder known for his passing accuracy and vision, has been a crucial playmaker for Real Madrid...",
        "performance": {
          "2018-2019": {
            "wins": 21,
            "losses": 5,
            "yellowCards": 5,
            "redCards": 0,
            "assists": 9,
            "goalsScored": 4,
            "cups": 1,
            "transfers": [
              {
                "from": "Bayern Munich",
                "to": "Real Madrid",
                "time": "2014-07"
              }
            ]
          },
          "2019-2020": {
            "wins": 21,
            "losses": 8,
            "yellowCards": 5,
            "redCards": 0,
            "assists": 7,
            "goalsScored": 3,
            "cups": 0,
            "transfers": []
          }
        }
      },
    
    
    
      {
        "name": "Eden Hazard",
        "club": "Real Madrid",
        "biography": "Eden Hazard, a Belgian forward known for his dribbling skills and creativity, has been a key playmaker in Real Madrid's attack...",
        "performance": {
          "2019-2020": {
            "wins": 21,
            "losses": 8,
            "yellowCards": 4,
            "redCards": 0,
            "assists": 5,
            "goalsScored": 1,
            "cups": 0,
            "transfers": [
              {
                "from": "Chelsea",
                "to": "Real Madrid",
                "time": "2019-07"
              }
            ]
          }
        }
      },
      {
        "name": "Raphael Varane",
        "club": "Real Madrid",
        "biography": "Raphael Varane, a French center-back known for his pace and defensive intelligence, has been a crucial presence in Real Madrid's defense...",
        "performance": {
          "2018-2019": {
            "wins": 21,
            "losses": 5,
            "yellowCards": 2,
            "redCards": 0,
            "assists": 1,
            "goalsScored": 3,
            "cups": 1,
            "transfers": [
              {
                "from": "Lens",
                "to": "Real Madrid",
                "time": "2011-07"
              }
            ]
          },
          "2019-2020": {
            "wins": 21,
            "losses": 8,
            "yellowCards": 5,
            "redCards": 0,
            "assists": 2,
            "goalsScored": 2,
            "cups": 0,
            "transfers": []
          }
        }
      },
      {
        "name": "Vinicius Junior",
        "club": "Real Madrid",
        "biography": "Vinicius Junior, a Brazilian winger known for his pace and dribbling ability, has added excitement to Real Madrid's attack...",
        "performance": {
          "2018-2019": {
            "wins": 21,
            "losses": 5,
            "yellowCards": 3,
            "redCards": 0,
            "assists": 5,
            "goalsScored": 3,
            "cups": 1,
            "transfers": [
              {
                "from": "Flamengo",
                "to": "Real Madrid",
                "time": "2018-07"
              }
            ]
          },
          "2019-2020": {
            "wins": 21,
            "losses": 8,
            "yellowCards": 3,
            "redCards": 0,
            "assists": 8,
            "goalsScored": 4,
            "cups": 0,
            "transfers": []
          }
        }
      },
      {
        "name": "Ferland Mendy",
        "club": "Real Madrid",
        "biography": "Ferland Mendy, a French left-back known for his defensive solidity and overlapping runs, has provided balance to Real Madrid's backline...",
        "performance": {
          "2019-2020": {
            "wins": 21,
            "losses": 8,
            "yellowCards": 3,
            "redCards": 0,
            "assists": 4,
            "goalsScored": 1,
            "cups": 0,
            "transfers": [
              {
                "from": "Lyon",
                "to": "Real Madrid",
                "time": "2019-07"
              }
            ]
          }
        }
      },
      {
        "name": "Dani Carvajal",
        "club": "Real Madrid",
        "biography": "Dani Carvajal, a Spanish right-back known for his attacking contributions and defensive tenacity, has been a versatile asset for Real Madrid...",
        "performance": {
          "2018-2019": {
            "wins": 21,
            "losses": 5,
            "yellowCards": 10,
            "redCards": 0,
            "assists": 8,
            "goalsScored": 2,
            "cups": 1,
            "transfers": []
          }
        }
      },
      {
        "name": "Thibaut Courtois",
        "club": "Real Madrid",
        "biography": "Thibaut Courtois, a Belgian goalkeeper known for his shot-stopping ability and commanding presence, has been a reliable figure in Real Madrid's goal...",
        "performance": {
          "2018-2019": {
            "wins": 21,
            "losses": 5,
            "cleanSheets": 12,
            "yellowCards": 0,
            "redCards": 0,
            "goalsConceded": 32,
            "cups": 1,
            "transfers": [
              {
                "from": "Chelsea",
                "to": "Real Madrid",
                "time": "2018-08"
              }
            ]
          },
          "2019-2020": {
            "wins": 21,
            "losses": 8,
            "cleanSheets": 15,
            "yellowCards": 1,
            "redCards": 0,
            "goalsConceded": 21,
            "cups": 0,
            "transfers": []
          }
        }
      },
      {
        "name": "Yassine Bounou",
        "club": "Sevilla FC",
        "biography": "Yassine Bounou, a Moroccan goalkeeper known for his shot-stopping ability, has been a reliable presence in Sevilla FC's goal...",
        "performance": {
          "2018-2019": {
            "wins": 17,
            "losses": 12,
            "cleanSheets": 8,
            "yellowCards": 0,
            "redCards": 0,
            "goalsConceded": 19,
            "cups": 0,
            "transfers": [
              {
                "from": "Girona",
                "to": "Sevilla FC",
                "time": "2019-07"
              }
            ]
          },
          "2019-2020": {
            "wins": 19,
            "losses": 13,
            "cleanSheets": 9,
            "yellowCards": 0,
            "redCards": 0,
            "goalsConceded": 25,
            "cups": 0,
            "transfers": []
          }
        }
      },
      {
        "name": "Jules Koundé",
        "club": "Sevilla FC",
        "biography": "Jules Koundé, a French center-back known for his composure and defensive skills, has been a standout performer in Sevilla FC's defense...",
        "performance": {
          "2019-2020": {
            "wins": 19,
            "losses": 13,
            "yellowCards": 4,
            "redCards": 0,
            "assists": 0,
            "goalsScored": 2,
            "cups": 1,
            "transfers": [
              {
                "from": "Bordeaux",
                "to": "Sevilla FC",
                "time": "2019-07"
              }
            ]
          }
        }
      },
      {
        "name": "Diego Carlos",
        "club": "Sevilla FC",
        "biography": "Diego Carlos, a Brazilian center-back known for his physicality and aerial ability, has been a rock in Sevilla FC's defense...",
        "performance": {
          "2019-2020": {
            "wins": 19,
            "losses": 13,
            "yellowCards": 10,
            "redCards": 0,
            "assists": 1,
            "goalsScored": 2,
            "cups": 1,
            "transfers": [
              {
                "from": "Nantes",
                "to": "Sevilla FC",
                "time": "2019-07"
              }
            ]
          }
        }
      },
      {
        "name": "Sergio Escudero",
        "club": "Sevilla FC",
        "biography": "Sergio Escudero, a Spanish left-back known for his crossing ability, has been a consistent presence in Sevilla FC's defense...",
        "performance": {
          "2018-2019": {
            "wins": 17,
            "losses": 12,
            "yellowCards": 7,
            "redCards": 0,
            "assists": 5,
            "goalsScored": 1,
            "cups": 0,
            "transfers": []
          },
          "2019-2020": {
            "wins": 19,
            "losses": 13,
            "yellowCards": 5,
            "redCards": 0,
            "assists": 2,
            "goalsScored": 1,
            "cups": 1,
            "transfers": []
          }
        }
      },
      {
        "name": "Joan Jordán",
        "club": "Sevilla FC",
        "biography": "Joan Jordán, a Spanish midfielder known for his passing range and work rate, has been a key figure in Sevilla FC's midfield...",
        "performance": {
          "2019-2020": {
            "wins": 19,
            "losses": 13,
            "yellowCards": 7,
            "redCards": 0,
            "assists": 8,
            "goalsScored": 3,
            "cups": 1,
            "transfers": [
              {
                "from": "Eibar",
                "to": "Sevilla FC",
                "time": "2019-07"
              }
            ]
          }
        }
      },
      {
        "name": "Fernando Reges",
        "club": "Sevilla FC",
        "biography": "Fernando Reges, a Brazilian midfielder known for his defensive skills, has provided stability to Sevilla FC's midfield...",
        "performance": {
          "2018-2019": {
            "wins": 17,
            "losses": 12,
            "yellowCards": 7,
            "redCards": 1,
            "assists": 1,
            "goalsScored": 1,
            "cups": 0,
            "transfers": [
              {
                "from": "Galatasaray",
                "to": "Sevilla FC",
                "time": "2019-07"
              }
            ]
          },
          "2019-2020": {
            "wins": 19,
            "losses": 13,
            "yellowCards": 5,
            "redCards": 0,
            "assists": 0,
            "goalsScored": 1,
            "cups": 1,
            "transfers": []
          }
        }
      },
  
    
      {
        "name": "Lucas Ocampos",
        "club": "Sevilla FC",
        "biography": "Lucas Ocampos, an Argentine winger known for his dribbling and goal-scoring ability, has been a dynamic force in Sevilla FC's attack...",
        "performance": {
          "2019-2020": {
            "wins": 19,
            "losses": 13,
            "yellowCards": 10,
            "redCards": 0,
            "assists": 5,
            "goalsScored": 14,
            "cups": 1,
            "transfers": [
              {
                "from": "Olympique Marseille",
                "to": "Sevilla FC",
                "time": "2019-07"
              }
            ]
          }
        }
      },
      {
        "name": "Munir El Haddadi",
        "club": "Sevilla FC",
        "biography": "Munir El Haddadi, a Spanish-Moroccan forward known for his versatility and finishing, has added depth to Sevilla FC's attack...",
        "performance": {
          "2018-2019": {
            "wins": 17,
            "losses": 12,
            "yellowCards": 2,
            "redCards": 0,
            "assists": 4,
            "goalsScored": 7,
            "cups": 0,
            "transfers": [
              {
                "from": "Barcelona",
                "to": "Sevilla FC",
                "time": "2019-01"
              }
            ]
          },
          "2019-2020": {
            "wins": 19,
            "losses": 13,
            "yellowCards": 3,
            "redCards": 0,
            "assists": 5,
            "goalsScored": 8,
            "cups": 1,
            "transfers": []
          }
        }
      },
      {
        "name": "Suso",
        "club": "Sevilla FC",
        "biography": "Suso, a Spanish winger known for his creativity and set-piece expertise, has been a valuable asset in Sevilla FC's attack...",
        "performance": {
          "2019-2020": {
            "wins": 19,
            "losses": 13,
            "yellowCards": 4,
            "redCards": 0,
            "assists": 12,
            "goalsScored": 4,
            "cups": 1,
            "transfers": [
              {
                "from": "AC Milan",
                "to": "Sevilla FC",
                "time": "2020-01"
              }
            ]
          }
        }
      },
      {
        "name": "Diego Llorente",
        "club": "Sevilla FC",
        "biography": "Diego Llorente, a Spanish center-back known for his defensive skills and leadership, has been a solid presence in Sevilla FC's defense...",
        "performance": {
          "2018-2019": {
            "wins": 17,
            "losses": 12,
            "yellowCards": 6,
            "redCards": 0,
            "assists": 0,
            "goalsScored": 2,
            "cups": 0,
            "transfers": [
              {
                "from": "Real Sociedad",
                "to": "Sevilla FC",
                "time": "2019-07"
              }
            ]
          },
          "2019-2020": {
            "wins": 19,
            "losses": 13,
            "yellowCards": 5,
            "redCards": 0,
            "assists": 1,
            "goalsScored": 1,
            "cups": 1,
            "transfers": []
          }
        }
      },
      {
        "name": "Aleix Vidal",
        "club": "Sevilla FC",
        "biography": "Aleix Vidal, a Spanish right-back known for his attacking contributions, has provided width to Sevilla FC's play...",
        "performance": {
          "2018-2019": {
            "wins": 17,
            "losses": 12,
            "yellowCards": 6,
            "redCards": 1,
            "assists": 4,
            "goalsScored": 1,
            "cups": 0,
            "transfers": []
          },
          "2019-2020": {
            "wins": 19,
            "losses": 13,
            "yellowCards": 5,
            "redCards": 0,
            "assists": 5,
            "goalsScored": 2,
            "cups": 1,
            "transfers": []
          }
        }
      },
      {
        "name": "Ivan Rakitic",
        "club": "Sevilla FC",
        "biography": "Ivan Rakitic, a Croatian midfielder known for his passing and leadership, has returned to Sevilla FC to make a significant impact...",
        "performance": {
          "2019-2020": {
            "wins": 19,
            "losses": 13,
            "yellowCards": 5,
            "redCards": 0,
            "assists": 8,
            "goalsScored": 4,
            "cups": 1,
            "transfers": [
              {
                "from": "Barcelona",
                "to": "Sevilla FC",
                "time": "2020-09"
              }
            ]
          }
        }
      },
      {
        "name": "Sergio Asenjo",
        "club": "Villarreal CF",
        "biography": "Sergio Asenjo, a Spanish goalkeeper known for his reflexes and shot-stopping ability, has been a reliable presence in Villarreal CF's goal...",
        "performance": {
          "2018-2019": {
            "wins": 15,
            "losses": 12,
            "cleanSheets": 9,
            "yellowCards": 1,
            "redCards": 0,
            "goalsConceded": 29,
            "cups": 0,
            "transfers": []
          },
          "2019-2020": {
            "wins": 18,
            "losses": 13,
            "cleanSheets": 6,
            "yellowCards": 1,
            "redCards": 0,
            "goalsConceded": 26,
            "cups": 1,
            "transfers": []
          }
        }
      },
      {
        "name": "Pau Torres",
        "club": "Villarreal CF",
        "biography": "Pau Torres, a Spanish center-back known for his composure and defensive skills, has been a rising star in Villarreal CF's defense...",
        "performance": {
          "2019-2020": {
            "wins": 18,
            "losses": 13,
            "yellowCards": 4,
            "redCards": 0,
            "assists": 1,
            "goalsScored": 2,
            "cups": 1,
            "transfers": []
          }
        }
      },
      {
        "name": "Raul Albiol",
        "club": "Villarreal CF",
        "biography": "Raul Albiol, a Spanish center-back known for his experience and leadership, has provided stability to Villarreal CF's defense...",
        "performance": {
          "2018-2019": {
            "wins": 15,
            "losses": 12,
            "yellowCards": 7,
            "redCards": 0,
            "assists": 0,
            "goalsScored": 0,
            "cups": 0,
            "transfers": [
              {
                "from": "Napoli",
                "to": "Villarreal CF",
                "time": "2019-07"
              }
            ]
          },
          "2019-2020": {
            "wins": 18,
            "losses": 13,
            "yellowCards": 8,
            "redCards": 1,
            "assists": 0,
            "goalsScored": 1,
            "cups": 1,
            "transfers": []
          }
        }
      },
      {
        "name": "Alberto Moreno",
        "club": "Villarreal CF",
        "biography": "Alberto Moreno, a Spanish left-back known for his attacking contributions, has been a dynamic presence in Villarreal CF's defense...",
        "performance": {
          "2018-2019": {
            "wins": 15,
            "losses": 12,
            "yellowCards": 7,
            "redCards": 0,
            "assists": 3,
            "goalsScored": 1,
            "cups": 0,
            "transfers": [
              {
                "from": "Liverpool",
                "to": "Villarreal CF",
                "time": "2019-07"
              }
            ]
          },
          "2019-2020": {
            "wins": 18,
            "losses": 13,
            "yellowCards": 5,
            "redCards": 0,
            "assists": 4,
            "goalsScored": 2,
            "cups": 1,
            "transfers": []
          }
        }
      },
      {
        "name": "Dani Parejo",
        "club": "Villarreal CF",
        "biography": "Dani Parejo, a Spanish midfielder known for his passing ability and vision, has been the creative force in Villarreal CF's midfield...",
        "performance": {
          "2019-2020": {
            "wins": 18,
            "losses": 13,
            "yellowCards": 6,
            "redCards": 1,
            "assists": 5,
            "goalsScored": 5,
            "cups": 1,
            "transfers": [
              {
                "from": "Valencia",
                "to": "Villarreal CF",
                "time": "2020-09"
              }
            ]
          }
        }
      },
      {
        "name": "Etienne Capoue",
        "club": "Villarreal CF",
        "biography": "Etienne Capoue, a French midfielder known for his defensive skills, has provided solidity to Villarreal CF's midfield...",
        "performance": {
          "2019-2020": {
            "wins": 18,
            "losses": 13,
            "yellowCards": 9,
            "redCards": 0,
            "assists": 2,
            "goalsScored": 1,
            "cups": 1,
            "transfers": [
              {
                "from": "Watford",
                "to": "Villarreal CF",
                "time": "2020-10"
              }
            ]
          }
        }
      },
  
    
      {
        "name": "Gerard Moreno",
        "club": "Villarreal CF",
        "biography": "Gerard Moreno, a Spanish forward known for his goal-scoring prowess and versatility, has been the main attacking threat for Villarreal CF...",
        "performance": {
          "2018-2019": {
            "wins": 15,
            "losses": 12,
            "yellowCards": 5,
            "redCards": 0,
            "assists": 4,
            "goalsScored": 17,
            "cups": 0,
            "transfers": []
          },
          "2019-2020": {
            "wins": 18,
            "losses": 13,
            "yellowCards": 2,
            "redCards": 0,
            "assists": 5,
            "goalsScored": 18,
            "cups": 1,
            "transfers": []
          }
        }
      },
      {
        "name": "Yeremi Pino",
        "club": "Villarreal CF",
        "biography": "Yeremi Pino, a Spanish winger known for his flair and dribbling ability, has emerged as a promising talent for Villarreal CF...",
        "performance": {
          "2020-2021": {
            "wins": 15,
            "losses": 10,
            "yellowCards": 3,
            "redCards": 0,
            "assists": 5,
            "goalsScored": 5,
            "cups": 0,
            "transfers": []
          }
        }
      },
      {
        "name": "Francis Coquelin",
        "club": "Villarreal CF",
        "biography": "Francis Coquelin, a French midfielder known for his defensive abilities, has added steel to Villarreal CF's midfield...",
        "performance": {
          "2018-2019": {
            "wins": 15,
            "losses": 12,
            "yellowCards": 8,
            "redCards": 1,
            "assists": 1,
            "goalsScored": 1,
            "cups": 0,
            "transfers": [
              {
                "from": "Valencia",
                "to": "Villarreal CF",
                "time": "2020-01"
              }
            ]
          },
          "2019-2020": {
            "wins": 18,
            "losses": 13,
            "yellowCards": 7,
            "redCards": 1,
            "assists": 2,
            "goalsScored": 1,
            "cups": 1,
            "transfers": []
          }
        }
      },
      {
        "name": "Carlos Bacca",
        "club": "Villarreal CF",
        "biography": "Carlos Bacca, a Colombian striker known for his clinical finishing, has been a goal-scoring presence for Villarreal CF...",
        "performance": {
          "2018-2019": {
            "wins": 15,
            "losses": 12,
            "yellowCards": 4,
            "redCards": 0,
            "assists": 2,
            "goalsScored": 10,
            "cups": 0,
            "transfers": []
          },
          "2019-2020": {
            "wins": 18,
            "losses": 13,
            "yellowCards": 3,
            "redCards": 0,
            "assists": 3,
            "goalsScored": 9,
            "cups": 1,
            "transfers": []
          }
        }
      },
      {
        "name": "Alfonso Pedraza",
        "club": "Villarreal CF",
        "biography": "Alfonso Pedraza, a Spanish left-back known for his pace and attacking contributions, has been an exciting presence in Villarreal CF's defense...",
        "performance": {
          "2018-2019": {
            "wins": 15,
            "losses": 12,
            "yellowCards": 3,
            "redCards": 0,
            "assists": 4,
            "goalsScored": 2,
            "cups": 0,
            "transfers": []
          },
          "2019-2020": {
            "wins": 18,
            "losses": 13,
            "yellowCards": 6,
            "redCards": 0,
            "assists": 5,
            "goalsScored": 3,
            "cups": 1,
            "transfers": []
          }
        }
      },
      {
        "name": "Paco Alcacer",
        "club": "Villarreal CF",
        "biography": "Paco Alcacer, a Spanish striker known for his goal-scoring instincts, has provided firepower to Villarreal CF's attack...",
        "performance": {
          "2019-2020": {
            "wins": 18,
            "losses": 13,
            "yellowCards": 4,
            "redCards": 0,
            "assists": 2,
            "goalsScored": 13,
            "cups": 1,
            "transfers": [
              {
                "from": "Borussia Dortmund",
                "to": "Villarreal CF",
                "time": "2020-10"
              }
            ]
          }
        }
      }
]