[
    {
      "name": "Lionel Messi",
      "club": "FC Barcelona",
      "biography": "Lionel Messi, an Argentine forward widely regarded as one of the greatest footballers of all time, has been the talismanic figure for FC Barcelona...",
      "performance": {
        "2018-2019": {
          "wins": 26,
          "losses": 9,
          "yellowCards": 2,
          "redCards": 0,
          "assists": 12,
          "goalsScored": 36,
          "cups": 2,
          "transfers": []
        },
        "2019-2020": {
          "wins": 25,
          "losses": 9,
          "yellowCards": 4,
          "redCards": 0,
          "assists": 25,
          "goalsScored": 31,
          "cups": 0,
          "transfers": []
        }
      }
    },
    {
      "name": "Sergio Busquets",
      "club": "FC Barcelona",
      "biography": "Sergio Busquets, a Spanish midfielder known for his intelligent positioning and passing ability, has been a vital cog in FC Barcelona's midfield...",
      "performance": {
        "2018-2019": {
          "wins": 26,
          "losses": 9,
          "yellowCards": 6,
          "redCards": 0,
          "assists": 6,
          "goalsScored": 3,
          "cups": 2,
          "transfers": []
        },
        "2019-2020": {
          "wins": 25,
          "losses": 9,
          "yellowCards": 5,
          "redCards": 0,
          "assists": 6,
          "goalsScored": 1,
          "cups": 0,
          "transfers": []
        }
      }
    },
    {
      "name": "Gerard Piqué",
      "club": "FC Barcelona",
      "biography": "Gerard Piqué, a Spanish center-back known for his defensive skills and leadership, has been a mainstay in FC Barcelona's defense...",
      "performance": {
        "2018-2019": {
          "wins": 26,
          "losses": 9,
          "yellowCards": 7,
          "redCards": 1,
          "assists": 2,
          "goalsScored": 3,
          "cups": 2,
          "transfers": []
        },
        "2019-2020": {
          "wins": 25,
          "losses": 9,
          "yellowCards": 5,
          "redCards": 1,
          "assists": 2,
          "goalsScored": 4,
          "cups": 0,
          "transfers": []
        }
      }
    },
    {
      "name": "Jordi Alba",
      "club": "FC Barcelona",
      "biography": "Jordi Alba, a Spanish left-back known for his pace and overlapping runs, has been a source of width and creativity for FC Barcelona...",
      "performance": {
        "2018-2019": {
          "wins": 26,
          "losses": 9,
          "yellowCards": 5,
          "redCards": 0,
          "assists": 10,
          "goalsScored": 3,
          "cups": 2,
          "transfers": []
        },
        "2019-2020": {
          "wins": 25,
          "losses": 9,
          "yellowCards": 6,
          "redCards": 0,
          "assists": 9,
          "goalsScored": 3,
          "cups": 0,
          "transfers": []
        }
      }
    },
    {
      "name": "Frenkie de Jong",
      "club": "FC Barcelona",
      "biography": "Frenkie de Jong, a Dutch midfielder known for his dribbling ability and vision, has brought dynamism to FC Barcelona's midfield...",
      "performance": {
        "2019-2020": {
          "wins": 25,
          "losses": 9,
          "yellowCards": 4,
          "redCards": 0,
          "assists": 4,
          "goalsScored": 2,
          "cups": 0,
          "transfers": [
            {
              "from": "Ajax",
              "to": "FC Barcelona",
              "time": "2019-07"
            }
          ]
        }
      }
    },
    {
      "name": "Ansu Fati",
      "club": "FC Barcelona",
      "biography": "Ansu Fati, a Spanish forward known for his explosive pace and finishing, has emerged as a promising talent for FC Barcelona...",
      "performance": {
        "2019-2020": {
          "wins": 25,
          "losses": 9,
          "yellowCards": 1,
          "redCards": 0,
          "assists": 3,
          "goalsScored": 8,
          "cups": 0,
          "transfers": []
        }
      }
    },
    {
      "name": "Marc-André ter Stegen",
      "club": "FC Barcelona",
      "biography": "Marc-André ter Stegen, a German goalkeeper known for his shot-stopping and distribution, has been a reliable presence in FC Barcelona's goal...",
      "performance": {
        "2018-2019": {
          "wins": 26,
          "losses": 9,
          "cleanSheets": 21,
          "yellowCards": 0,
          "redCards": 0,
          "goalsConceded": 30,
          "cups": 2,
          "transfers": [
            {
              "from": "Borussia Mönchengladbach",
              "to": "FC Barcelona",
              "time": "2014-05"
            }
          ]
        },
        "2019-2020": {
          "wins": 25,
          "losses": 9,
          "cleanSheets": 15,
          "yellowCards": 0,
          "redCards": 0,
          "goalsConceded": 30,
          "cups": 0,
          "transfers": []
        }
      }
    },

    {
      "name": "Antoine Griezmann",
      "club": "FC Barcelona",
      "biography": "Antoine Griezmann, a French forward known for his versatility and goal-scoring ability, has brought flair to FC Barcelona's attack...",
      "performance": {
        "2019-2020": {
          "wins": 25,
          "losses": 9,
          "yellowCards": 4,
          "redCards": 0,
          "assists": 4,
          "goalsScored": 15,
          "cups": 0,
          "transfers": [
            {
              "from": "Atletico Madrid",
              "to": "FC Barcelona",
              "time": "2019-07"
            }
          ]
        }
      }
    },
    {
      "name": "Miralem Pjanic",
      "club": "FC Barcelona",
      "biography": "Miralem Pjanic, a Bosnian midfielder known for his passing range and set-piece expertise, has added depth to FC Barcelona's midfield...",
      "performance": {
        "2020-2021": {
          "wins": 24,
          "losses": 9,
          "yellowCards": 5,
          "redCards": 0,
          "assists": 4,
          "goalsScored": 3,
          "cups": 0,
          "transfers": [
            {
              "from": "Juventus",
              "to": "FC Barcelona",
              "time": "2020-09"
            }
          ]
        }
      }
    },
    {
      "name": "Sergi Roberto",
      "club": "FC Barcelona",
      "biography": "Sergi Roberto, a Spanish utility player known for his versatility and work ethic, has been a valuable asset in FC Barcelona's squad...",
      "performance": {
        "2018-2019": {
          "wins": 26,
          "losses": 9,
          "yellowCards": 9,
          "redCards": 1,
          "assists": 3,
          "goalsScored": 1,
          "cups": 2,
          "transfers": []
        },
        "2019-2020": {
          "wins": 25,
          "losses": 9,
          "yellowCards": 6,
          "redCards": 0,
          "assists": 5,
          "goalsScored": 2,
          "cups": 0,
          "transfers": []
        }
      }
    },
    {
      "name": "Ousmane Dembélé",
      "club": "FC Barcelona",
      "biography": "Ousmane Dembélé, a French winger known for his speed and dribbling ability, has been a dynamic presence in FC Barcelona's attack...",
      "performance": {
        "2018-2019": {
          "wins": 26,
          "losses": 9,
          "yellowCards": 2,
          "redCards": 0,
          "assists": 9,
          "goalsScored": 8,
          "cups": 2,
          "transfers": [
            {
              "from": "Borussia Dortmund",
              "to": "FC Barcelona",
              "time": "2017-08"
            }
          ]
        },
        "2019-2020": {
          "wins": 25,
          "losses": 9,
          "yellowCards": 3,
          "redCards": 0,
          "assists": 5,
          "goalsScored": 6,
          "cups": 0,
          "transfers": []
        }
      }
    },
    {
      "name": "Philippe Coutinho",
      "club": "FC Barcelona",
      "biography": "Philippe Coutinho, a Brazilian midfielder known for his creativity and shooting ability, has contributed flair to FC Barcelona's midfield...",
      "performance": {
        "2018-2019": {
          "wins": 26,
          "losses": 9,
          "yellowCards": 5,
          "redCards": 0,
          "assists": 2,
          "goalsScored": 5,
          "cups": 2,
          "transfers": [
            {
              "from": "Liverpool",
              "to": "FC Barcelona",
              "time": "2018-01"
            }
          ]
        },
        "2019-2020": {
          "wins": 25,
          "losses": 9,
          "yellowCards": 3,
          "redCards": 0,
          "assists": 3,
          "goalsScored": 8,
          "cups": 0,
          "transfers": []
        }
      }
    },
    {
      "name": "Pedri",
      "club": "FC Barcelona",
      "biography": "Pedri, a Spanish midfielder known for his vision and composure on the ball, has showcased maturity beyond his years at FC Barcelona...",
      "performance": {
        "2020-2021": {
          "wins": 24,
          "losses": 9,
          "yellowCards": 1,
          "redCards": 0,
          "assists": 6,
          "goalsScored": 3,
          "cups": 0,
          "transfers": []
        }
      }
    },
    {
      "name": "Marcos Llorente",
      "club": "FC Barcelona",
      "biography": "Marcos Llorente, a Spanish midfielder known for his defensive skills and versatility, has been a valuable asset in FC Barcelona's squad...",
      "performance": {
        "2019-2020": {
          "wins": 25,
          "losses": 9,
          "yellowCards": 6,
          "redCards": 0,
          "assists": 4,
          "goalsScored": 3,
          "cups": 0,
          "transfers": [
            {
              "from": "Real Madrid",
              "to": "FC Barcelona",
              "time": "2019-07"
            }
          ]
        }
      }
    }
  ]
  