{
    "PremierLeagueClubs": [
      {
        "name": "Manchester City",
        "totalGoalsScored": 92,
        "wins": 26,
        "losses": 4,
        "draws": 8,
        "cupsWon": 6,
        "cardsReceived": {
          "yellow": 48,
          "red": 3
        }
      },
      {
        "name": "Liverpool",
        "totalGoalsScored": 85,
        "wins": 24,
        "losses": 6,
        "draws": 8,
        "cupsWon": 3,
        "cardsReceived": {
          "yellow": 55,
          "red": 2
        }
      },
      {
        "name": "Chelsea",
        "totalGoalsScored": 80,
        "wins": 22,
        "losses": 8,
        "draws": 8,
        "cupsWon": 5,
        "cardsReceived": {
          "yellow": 50,
          "red": 4
        }
      },
      {
        "name": "Manchester United",
        "totalGoalsScored": 75,
        "wins": 21,
        "losses": 9,
        "draws": 8,
        "cupsWon": 7,
        "cardsReceived": {
          "yellow": 52,
          "red": 3
        }
      },
      {
        "name": "Tottenham Hotspur",
        "totalGoalsScored": 77,
        "wins": 20,
        "losses": 10,
        "draws": 8,
        "cupsWon": 2,
        "cardsReceived": {
          "yellow": 45,
          "red": 2
        }
      },
      {
        "name": "Leicester City",
        "totalGoalsScored": 68,
        "wins": 18,
        "losses": 12,
        "draws": 8,
        "cupsWon": 1,
        "cardsReceived": {
          "yellow": 43,
          "red": 1
        }
      },
      {
        "name": "Arsenal",
        "totalGoalsScored": 73,
        "wins": 19,
        "losses": 11,
        "draws": 8,
        "cupsWon": 14,
        "cardsReceived": {
          "yellow": 58,
          "red": 5
        }
      },
      {
        "name": "West Ham United",
        "totalGoalsScored": 66,
        "wins": 16,
        "losses": 14,
        "draws": 8,
        "cupsWon": 0,
        "cardsReceived": {
          "yellow": 42,
          "red": 3
        }
      },
      {
        "name": "Everton",
        "totalGoalsScored": 65,
        "wins": 15,
        "losses": 15,
        "draws": 8,
        "cupsWon": 9,
        "cardsReceived": {
          "yellow": 50,
          "red": 2
        }
      },
      {
        "name": "Aston Villa",
        "totalGoalsScored": 60,
        "wins": 14,
        "losses": 16,
        "draws": 8,
        "cupsWon": 7,
        "cardsReceived": {
          "yellow": 46,
          "red": 1
        }
      }
    ]
  }