[
    {
      "name": "Gianluigi Donnarumma",
      "club": "AC Milan",
      "biography": "Gianluigi Donnarumma, an Italian goalkeeper known for his exceptional shot-stopping ability and commanding presence, has been a stalwart in AC Milan's goal...",
      "performance": {
        "2018-2019": {
          "wins": 19,
          "losses": 12,
          "cleanSheets": 12,
          "yellowCards": 1,
          "redCards": 0,
          "saves": 105,
          "cups": 0,
          "transfers": []
        }
      }
    },
    {
      "name": "Theo Hernandez",
      "club": "AC Milan",
      "biography": "Theo Hernandez, a French left-back known for his attacking prowess and pace, has been a key contributor in AC Milan's defense and attack...",
      "performance": {
        "2019-2020": {
          "wins": 24,
          "losses": 5,
          "yellowCards": 5,
          "redCards": 0,
          "assists": 7,
          "goalsScored": 7,
          "cups": 0,
          "transfers": []
        }
      }
    },
    {
      "name": "Franck Kessie",
      "club": "AC Milan",
      "biography": "Franck Kessie, an Ivorian midfielder known for his physicality and box-to-box capabilities, has been a driving force in AC Milan's midfield...",
      "performance": {
        "2018-2019": {
          "wins": 19,
          "losses": 12,
          "yellowCards": 6,
          "redCards": 0,
          "assists": 3,
          "goalsScored": 7,
          "cups": 0,
          "transfers": []
        }
      }
    },
    {
      "name": "Ismael Bennacer",
      "club": "AC Milan",
      "biography": "Ismael Bennacer, an Algerian midfielder known for his technical skills and defensive abilities, has been a crucial presence in AC Milan's midfield...",
      "performance": {
        "2019-2020": {
          "wins": 24,
          "losses": 5,
          "yellowCards": 6,
          "redCards": 0,
          "assists": 2,
          "goalsScored": 2,
          "cups": 0,
          "transfers": [
            {
              "from": "Empoli",
              "to": "AC Milan",
              "time": "2019-07"
            }
          ]
        }
      }
    },
    {
      "name": "Davide Calabria",
      "club": "AC Milan",
      "biography": "Davide Calabria, an Italian right-back known for his defensive solidity and crossing ability, has been a reliable option in AC Milan's defense...",
      "performance": {
        "2018-2019": {
          "wins": 19,
          "losses": 12,
          "yellowCards": 6,
          "redCards": 0,
          "assists": 3,
          "goalsScored": 2,
          "cups": 0,
          "transfers": []
        }
      }
    },
    {
      "name": "Hakan Calhanoglu",
      "club": "AC Milan",
      "biography": "Hakan Calhanoglu, a Turkish midfielder known for his playmaking skills and set-piece ability, has been a creative force in AC Milan's midfield...",
      "performance": {
        "2018-2019": {
          "wins": 19,
          "losses": 12,
          "yellowCards": 6,
          "redCards": 0,
          "assists": 12,
          "goalsScored": 5,
          "cups": 0,
          "transfers": []
        }
      }
    },

    {
      "name": "Rafael Leao",
      "club": "AC Milan",
      "biography": "Rafael Leao, a Portuguese forward known for his pace and technical ability, has been a dynamic presence in AC Milan's attack...",
      "performance": {
        "2019-2020": {
          "wins": 24,
          "losses": 5,
          "yellowCards": 2,
          "redCards": 0,
          "assists": 5,
          "goalsScored": 6,
          "cups": 0,
          "transfers": [
            {
              "from": "Lille",
              "to": "AC Milan",
              "time": "2019-07"
            }
          ]
        }
      }
    },
    {
      "name": "Simon Kjaer",
      "club": "AC Milan",
      "biography": "Simon Kjaer, a Danish center-back known for his leadership and defensive organization, has been a crucial presence in AC Milan's backline...",
      "performance": {
        "2019-2020": {
          "wins": 24,
          "losses": 5,
          "cleanSheets": 11,
          "yellowCards": 7,
          "redCards": 0,
          "assists": 2,
          "goalsScored": 2,
          "cups": 0,
          "transfers": [
            {
              "from": "Sevilla",
              "to": "AC Milan",
              "time": "2020-01"
            }
          ]
        }
      }
    },
    {
      "name": "Fikayo Tomori",
      "club": "AC Milan",
      "biography": "Fikayo Tomori, an English center-back known for his pace and defensive versatility, has been an important addition to AC Milan's defense...",
      "performance": {
        "2020-2021": {
          "wins": 28,
          "losses": 7,
          "cleanSheets": 14,
          "yellowCards": 6,
          "redCards": 0,
          "assists": 1,
          "goalsScored": 1,
          "cups": 0,
          "transfers": [
            {
              "from": "Chelsea",
              "to": "AC Milan",
              "time": "2021-01"
            }
          ]
        }
      }
    },
    {
      "name": "Alexis Saelemaekers",
      "club": "AC Milan",
      "biography": "Alexis Saelemaekers, a Belgian winger known for his energy and work rate, has been a lively presence in AC Milan's midfield and attack...",
      "performance": {
        "2019-2020": {
          "wins": 24,
          "losses": 5,
          "yellowCards": 5,
          "redCards": 0,
          "assists": 4,
          "goalsScored": 1,
          "cups": 0,
          "transfers": []
        }
      }
    }
    ]