[
    {
      "name": "Cristiano Ronaldo",
      "club": "Juventus",
      "biography": "Cristiano Ronaldo, a Portuguese forward widely regarded as one of the greatest footballers of all time, has been a prolific goal scorer and a leader for Juventus...",
      "performance": {
        "2018-2019": {
          "wins": 28,
          "losses": 3,
          "yellowCards": 2,
          "redCards": 0,
          "assists": 8,
          "goalsScored": 28,
          "cups": 0,
          "transfers": []
        }
      }
    },
    {
      "name": "Paulo Dybala",
      "club": "Juventus",
      "biography": "Paulo Dybala, an Argentine forward known for his dribbling and creativity, has been a key playmaker and a source of magic in Juventus' attack...",
      "performance": {
        "2018-2019": {
          "wins": 28,
          "losses": 3,
          "yellowCards": 3,
          "redCards": 0,
          "assists": 5,
          "goalsScored": 10,
          "cups": 0,
          "transfers": []
        }
      }
    },
    {
      "name": "Giorgio Chiellini",
      "club": "Juventus",
      "biography": "Giorgio Chiellini, an Italian center-back known for his leadership and defensive prowess, has been a stalwart and a symbol of stability in Juventus' defense...",
      "performance": {
        "2018-2019": {
          "wins": 28,
          "losses": 3,
          "yellowCards": 6,
          "redCards": 0,
          "assists": 0,
          "goalsScored": 2,
          "cups": 0,
          "transfers": []
        }
      }
    },
    {
      "name": "Leonardo Bonucci",
      "club": "Juventus",
      "biography": "Leonardo Bonucci, an Italian center-back known for his passing ability and defensive intelligence, has been a key figure in orchestrating Juventus' build-up play...",
      "performance": {
        "2018-2019": {
          "wins": 28,
          "losses": 3,
          "yellowCards": 5,
          "redCards": 1,
          "assists": 3,
          "goalsScored": 3,
          "cups": 0,
          "transfers": []
        }
      }
    },
    {
      "name": "Miralem Pjanić",
      "club": "Juventus",
      "biography": "Miralem Pjanić, a Bosnian midfielder known for his passing accuracy and set-piece expertise, has been a maestro and a creator in Juventus' midfield...",
      "performance": {
        "2018-2019": {
          "wins": 28,
          "losses": 3,
          "yellowCards": 6,
          "redCards": 0,
          "assists": 7,
          "goalsScored": 6,
          "cups": 0,
          "transfers": []
        }
      }
    },
    {
      "name": "Sami Khedira",
      "club": "Juventus",
      "biography": "Sami Khedira, a German midfielder known for his work rate and box-to-box capabilities, has been a tireless engine and a reliable presence in Juventus' midfield...",
      "performance": {
        "2018-2019": {
          "wins": 28,
          "losses": 3,
          "yellowCards": 4,
          "redCards": 0,
          "assists": 1,
          "goalsScored": 4,
          "cups": 0,
          "transfers": []
        }
      }
    },

    {
      "name": "Alex Sandro",
      "club": "Juventus",
      "biography": "Alex Sandro, a Brazilian left-back known for his defensive skills and attacking contributions, has been a reliable presence on the flanks for Juventus...",
      "performance": {
        "2018-2019": {
          "wins": 28,
          "losses": 3,
          "yellowCards": 7,
          "redCards": 0,
          "assists": 5,
          "goalsScored": 3,
          "cups": 0,
          "transfers": []
        }
      }
    },
    {
      "name": "Federico Bernardeschi",
      "club": "Juventus",
      "biography": "Federico Bernardeschi, an Italian winger known for his dribbling and versatility, has been a creative spark and an attacking threat for Juventus...",
      "performance": {
        "2018-2019": {
          "wins": 28,
          "losses": 3,
          "yellowCards": 7,
          "redCards": 0,
          "assists": 5,
          "goalsScored": 6,
          "cups": 0,
          "transfers": []
        }
      }
    },
    {
      "name": "Danilo Luiz",
      "club": "Juventus",
      "biography": "Danilo Luiz, a Brazilian full-back known for his versatility and work rate, has been a reliable option in defense and a dynamic presence on the flanks for Juventus...",
      "performance": {
        "2019-2020": {
          "wins": 26,
          "losses": 5,
          "yellowCards": 4,
          "redCards": 0,
          "assists": 2,
          "goalsScored": 1,
          "cups": 0,
          "transfers": [
            {
              "from": "Manchester City",
              "to": "Juventus",
              "time": "2019-08"
            }
          ]
        }
      }
    },
    {
      "name": "Matthijs de Ligt",
      "club": "Juventus",
      "biography": "Matthijs de Ligt, a Dutch center-back known for his composure and defensive ability, has been a young prodigy and a rising star in Juventus' defense...",
      "performance": {
        "2019-2020": {
          "wins": 26,
          "losses": 5,
          "yellowCards": 8,
          "redCards": 0,
          "assists": 2,
          "goalsScored": 3,
          "cups": 0,
          "transfers": [
            {
              "from": "Ajax",
              "to": "Juventus",
              "time": "2019-07"
            }
          ]
        }
      }
    },
    {
      "name": "Aaron Ramsey",
      "club": "Juventus",
      "biography": "Aaron Ramsey, a Welsh midfielder known for his energy and box-to-box style, has been a dynamic presence and a creative force in Juventus' midfield...",
      "performance": {
        "2019-2020": {
          "wins": 26,
          "losses": 5,
          "yellowCards": 4,
          "redCards": 0,
          "assists": 4,
          "goalsScored": 6,
          "cups": 0,
          "transfers": [
            {
              "from": "Arsenal",
              "to": "Juventus",
              "time": "2019-07"
            }
          ]
        }
      }
    },
    {
      "name": "Adrien Rabiot",
      "club": "Juventus",
      "biography": "Adrien Rabiot, a French midfielder known for his physicality and ball-winning ability, has been a tenacious enforcer and a midfield presence for Juventus...",
      "performance": {
        "2019-2020": {
          "wins": 26,
          "losses": 5,
          "yellowCards": 7,
          "redCards": 0,
          "assists": 2,
          "goalsScored": 3,
          "cups": 0,
          "transfers": []
        }
      }
    }
  ]
  