[
    {
      "name": "Kevin De Bruyne",
      "club": "Manchester City",
      "biography": "Kevin De Bruyne, a Belgian midfielder renowned for his vision, passing, and creative genius, has been the driving force behind Manchester City's midfield...",
      "performance": {
        "2018-2019": {
          "wins": 32,
          "losses": 2,
          "yellowCards": 2,
          "redCards": 0,
          "assists": 16,
          "goalsScored": 8,
          "cups": 2,
          "transfers": [
            {
              "from": "VfL Wolfsburg",
              "to": "Manchester City",
              "time": "2015-08"
            }
          ]
        },
        "2019-2020": {
          "wins": 26,
          "losses": 9,
          "yellowCards": 3,
          "redCards": 0,
          "assists": 20,
          "goalsScored": 13,
          "cups": 2,
          "transfers": []
        }
      }
    },
    {
      "name": "Raheem Sterling",
      "club": "Manchester City",
      "biography": "Raheem Sterling, an English winger known for his blistering pace and goal-scoring ability, has been a vital asset to Manchester City's attack...",
      "performance": {
        "2018-2019": {
          "wins": 32,
          "losses": 2,
          "yellowCards": 4,
          "redCards": 0,
          "assists": 10,
          "goalsScored": 17,
          "cups": 2,
          "transfers": [
            {
              "from": "Liverpool FC",
              "to": "Manchester City",
              "time": "2015-07"
            }
          ]
        },
        "2019-2020": {
          "wins": 26,
          "losses": 9,
          "yellowCards": 2,
          "redCards": 0,
          "assists": 13,
          "goalsScored": 20,
          "cups": 2,
          "transfers": []
        }
      }
    },
    {
      "name": "Ederson",
      "club": "Manchester City",
      "biography": "Ederson, a Brazilian goalkeeper with extraordinary shot-stopping ability and excellent distribution skills, has been a crucial presence in Manchester City's defense...",
      "performance": {
        "2018-2019": {
          "wins": 32,
          "losses": 2,
          "cleanSheets": 20,
          "yellowCards": 0,
          "redCards": 0,
          "goalsConceded": 23,
          "cups": 2,
          "transfers": [
            {
              "from": "Benfica",
              "to": "Manchester City",
              "time": "2017-07"
            }
          ]
        },
        "2019-2020": {
          "wins": 26,
          "losses": 9,
          "cleanSheets": 16,
          "yellowCards": 1,
          "redCards": 0,
          "goalsConceded": 31,
          "cups": 2,
          "transfers": []
        }
      }
    },
    {
      "name": "Sergio Agüero",
      "club": "Manchester City",
      "biography": "Sergio Agüero, an Argentine striker and Manchester City's all-time leading goal scorer, has been a goal-scoring machine and an icon for the club...",
      "performance": {
        "2018-2019": {
          "wins": 32,
          "losses": 2,
          "yellowCards": 4,
          "redCards": 0,
          "assists": 6,
          "goalsScored": 32,
          "cups": 2,
          "transfers": [
            {
              "from": "Atletico Madrid",
              "to": "Manchester City",
              "time": "2011-07"
            }
          ]
        },
        "2019-2020": {
          "wins": 26,
          "losses": 9,
          "yellowCards": 2,
          "redCards": 0,
          "assists": 4,
          "goalsScored": 23,
          "cups": 2,
          "transfers": []
        }
      }
    },
    {
      "name": "Aymeric Laporte",
      "club": "Manchester City",
      "biography": "Aymeric Laporte, a French center-back known for his composure, defensive skills, and ability on the ball, has been a linchpin in Manchester City's defense...",
      "performance": {
        "2018-2019": {
          "wins": 32,
          "losses": 2,
          "yellowCards": 1,
          "redCards": 0,
          "assists": 3,
          "goalsScored": 3,
          "cups": 2,
          "transfers": [
            {
              "from": "Athletic Bilbao",
              "to": "Manchester City",
              "time": "2018-01"
            }
          ]
        },
        "2019-2020": {
          "wins": 26,
          "losses": 9,
          "yellowCards": 3,
          "redCards": 0,
          "assists": 2,
          "goalsScored": 2,
          "cups": 2,
          "transfers": []
        }
      }
    },
    {
      "name": "Rodri",
      "club": "Manchester City",
      "biography": "Rodri, a Spanish midfielder with exceptional passing ability and positional sense, has been a crucial component in Manchester City's midfield setup...",
      "performance": {
        "2019-2020": {
          "wins": 26,
          "losses": 9,
          "yellowCards": 8,
          "redCards": 0,
          "assists": 4,
          "goalsScored": 3,
          "cups": 2,
          "transfers": [
            {
              "from": "Atletico Madrid",
              "to": "Manchester City",
              "time": "2019-07"
            }
          ]
        }
      }
    },


      
        {
          "name": "Bernardo Silva",
          "club": "Manchester City",
          "biography": "Bernardo Silva, a Portuguese midfielder known for his dribbling skills and creativity, has been a key playmaker in Manchester City's midfield...",
          "performance": {
            "2018-2019": {
              "wins": 32,
              "losses": 2,
              "yellowCards": 2,
              "redCards": 0,
              "assists": 7,
              "goalsScored": 7,
              "cups": 2,
              "transfers": [
                {
                  "from": "AS Monaco",
                  "to": "Manchester City",
                  "time": "2017-07"
                }
              ]
            },
            "2019-2020": {
              "wins": 26,
              "losses": 9,
              "yellowCards": 3,
              "redCards": 0,
              "assists": 8,
              "goalsScored": 11,
              "cups": 2,
              "transfers": []
            }
          }
        },
        {
          "name": "Riyad Mahrez",
          "club": "Manchester City",
          "biography": "Riyad Mahrez, an Algerian winger with skillful dribbling and an eye for goal, has been a dangerous attacking presence for Manchester City...",
          "performance": {
            "2018-2019": {
              "wins": 32,
              "losses": 2,
              "yellowCards": 2,
              "redCards": 0,
              "assists": 12,
              "goalsScored": 12,
              "cups": 2,
              "transfers": [
                {
                  "from": "Leicester City",
                  "to": "Manchester City",
                  "time": "2018-07"
                }
              ]
            },
            "2019-2020": {
              "wins": 26,
              "losses": 9,
              "yellowCards": 3,
              "redCards": 0,
              "assists": 9,
              "goalsScored": 11,
              "cups": 2,
              "transfers": []
            }
          }
        },
        {
          "name": "Phil Foden",
          "club": "Manchester City",
          "biography": "Phil Foden, a young English midfielder with immense potential, has been a rising star in Manchester City's ranks, showcasing his skill and creativity...",
          "performance": {
            "2018-2019": {
              "wins": 32,
              "losses": 2,
              "yellowCards": 2,
              "redCards": 0,
              "assists": 6,
              "goalsScored": 7,
              "cups": 2,
              "transfers": []
            },
            "2019-2020": {
              "wins": 26,
              "losses": 9,
              "yellowCards": 2,
              "redCards": 0,
              "assists": 5,
              "goalsScored": 8,
              "cups": 2,
              "transfers": []
            }
          }
        },
        {
          "name": "João Cancelo",
          "club": "Manchester City",
          "biography": "João Cancelo, a Portuguese right-back with attacking flair and defensive solidity, has been an important asset to Manchester City's defensive setup...",
          "performance": {
            "2019-2020": {
              "wins": 26,
              "losses": 9,
              "yellowCards": 3,
              "redCards": 0,
              "assists": 5,
              "goalsScored": 2,
              "cups": 2,
              "transfers": [
                {
                  "from": "Juventus",
                  "to": "Manchester City",
                  "time": "2019-08"
                }
              ]
            }
          }
        },
        {
          "name": "Gabriel Jesus",
          "club": "Manchester City",
          "biography": "Gabriel Jesus, a Brazilian forward known for his energy and goal-scoring ability, has been a versatile attacking option for Manchester City...",
          "performance": {
            "2018-2019": {
              "wins": 32,
              "losses": 2,
              "yellowCards": 4,
              "redCards": 0,
              "assists": 7,
              "goalsScored": 7,
              "cups": 2,
              "transfers": [
                {
                  "from": "Palmeiras",
                  "to": "Manchester City",
                  "time": "2017-01"
                }
              ]
            },
            "2019-2020": {
              "wins": 26,
              "losses": 9,
              "yellowCards": 3,
              "redCards": 0,
              "assists": 6,
              "goalsScored": 18,
              "cups": 2,
              "transfers": []
            }
          }
        },
        {
          "name": "Nathan Aké",
          "club": "Manchester City",
          "biography": "Nathan Aké, a Dutch center-back known for his defensive acumen and versatility, has provided depth to Manchester City's defensive options...",
          "performance": {
            "2020-2021": {
              "wins": 28,
              "losses": 8,
              "yellowCards": 3,
              "redCards": 0,
              "assists": 2,
              "goalsScored": 2,
              "cups": 1,
              "transfers": [
                {
                  "from": "AFC Bournemouth",
                  "to": "Manchester City",
                  "time": "2020-08"
                }
              ]
            }
          }
        }
      ]
      