[
    {
        "name": "Manuel Neuer",
        "club": "Bayern Munich",
        "biography": "Manuel Neuer, a German goalkeeper widely regarded as one of the best in the world, has been the backbone of Bayern Munich's defense...",
        "performance": {
          "2018-2019": {
            "wins": 23,
            "losses": 5,
            "cleanSheets": 20,
            "yellowCards": 0,
            "redCards": 0,
            "goalsConceded": 32,
            "cups": 2,
            "transfers": []
          },
          "2019-2020": {
            "wins": 26,
            "losses": 4,
            "cleanSheets": 21,
            "yellowCards": 0,
            "redCards": 0,
            "goalsConceded": 31,
            "cups": 5,
            "transfers": []
          }
        }
      },
      {
        "name": "Joshua Kimmich",
        "club": "Bayern Munich",
        "biography": "Joshua Kimmich, a German midfielder known for his versatility and football intelligence, has been a key playmaker for Bayern Munich...",
        "performance": {
          "2018-2019": {
            "wins": 23,
            "losses": 5,
            "yellowCards": 3,
            "redCards": 0,
            "assists": 14,
            "goalsScored": 3,
            "cups": 2,
            "transfers": []
          },
          "2019-2020": {
            "wins": 26,
            "losses": 4,
            "yellowCards": 5,
            "redCards": 0,
            "assists": 17,
            "goalsScored": 4,
            "cups": 5,
            "transfers": []
          }
        }
      },
      {
        "name": "Robert Lewandowski",
        "club": "Bayern Munich",
        "biography": "Robert Lewandowski, a Polish striker known for his incredible goal-scoring ability, has been the main source of goals for Bayern Munich...",
        "performance": {
          "2018-2019": {
            "wins": 23,
            "losses": 5,
            "yellowCards": 3,
            "redCards": 0,
            "assists": 10,
            "goalsScored": 40,
            "cups": 2,
            "transfers": []
          },
          "2019-2020": {
            "wins": 26,
            "losses": 4,
            "yellowCards": 1,
            "redCards": 0,
            "assists": 8,
            "goalsScored": 55,
            "cups": 5,
            "transfers": []
          }
        }
      },
      {
        "name": "Thomas Muller",
        "club": "Bayern Munich",
        "biography": "Thomas Muller, a German forward known for his intelligent positioning and creativity, has been a crucial figure in Bayern Munich's attack...",
        "performance": {
          "2018-2019": {
            "wins": 23,
            "losses": 5,
            "yellowCards": 6,
            "redCards": 0,
            "assists": 18,
            "goalsScored": 12,
            "cups": 2,
            "transfers": []
          },
          "2019-2020": {
            "wins": 26,
            "losses": 4,
            "yellowCards": 5,
            "redCards": 0,
            "assists": 22,
            "goalsScored": 14,
            "cups": 5,
            "transfers": []
          }
        }
      },
      {
        "name": "David Alaba",
        "club": "Bayern Munich",
        "biography": "David Alaba, an Austrian defender known for his versatility and technical ability, has been a linchpin in Bayern Munich's defense...",
        "performance": {
          "2018-2019": {
            "wins": 23,
            "losses": 5,
            "yellowCards": 4,
            "redCards": 0,
            "assists": 4,
            "goalsScored": 2,
            "cups": 2,
            "transfers": []
          },
          "2019-2020": {
            "wins": 26,
            "losses": 4,
            "yellowCards": 4,
            "redCards": 0,
            "assists": 9,
            "goalsScored": 3,
            "cups": 5,
            "transfers": []
          }
        }
      },
      {
        "name": "Leon Goretzka",
        "club": "Bayern Munich",
        "biography": "Leon Goretzka, a German midfielder known for his box-to-box style and goal-scoring ability, has been a driving force in Bayern Munich's midfield...",
        "performance": {
          "2018-2019": {
            "wins": 23,
            "losses": 5,
            "yellowCards": 4,
            "redCards": 0,
            "assists": 10,
            "goalsScored": 9,
            "cups": 2,
            "transfers": []
          },
          "2019-2020": {
            "wins": 26,
            "losses": 4,
            "yellowCards": 5,
            "redCards": 0,
            "assists": 12,
            "goalsScored": 12,
            "cups": 5,
            "transfers": []
          }
        }
      },
      {
        "name": "Serge Gnabry",
        "club": "Bayern Munich",
        "biography": "Serge Gnabry, a German winger known for his pace and clinical finishing, has been a key contributor to Bayern Munich's attacking prowess...",
        "performance": {
          "2018-2019": {
            "wins": 23,
            "losses": 5,
            "yellowCards": 2,
            "redCards": 0,
            "assists": 14,
            "goalsScored": 10,
            "cups": 2,
            "transfers": []
          },
          "2019-2020": {
            "wins": 26,
            "losses": 4,
            "yellowCards": 3,
            "redCards": 0,
            "assists": 18,
            "goalsScored": 23,
            "cups": 5,
            "transfers": []
          }
        }
      },
      {
        "name": "Kingsley Coman",
        "club": "Bayern Munich",
        "biography": "Kingsley Coman, a French winger known for his dribbling skills and flair, has added creativity and width to Bayern Munich's attack...",
        "performance": {
          "2018-2019": {
            "wins": 23,
            "losses": 5,
            "yellowCards": 2,
            "redCards": 0,
            "assists": 11,
            "goalsScored": 12,
            "cups": 2,
            "transfers": []
          },
          "2019-2020": {
            "wins": 26,
            "losses": 4,
            "yellowCards": 4,
            "redCards": 0,
            "assists": 15,
            "goalsScored": 9,
            "cups": 5,
            "transfers": []
          }
        }
      },
      {
        "name": "Alphonso Davies",
        "club": "Bayern Munich",
        "biography": "Alphonso Davies, a Canadian left-back known for his lightning speed and versatility, has been a revelation in Bayern Munich's defense...",
        "performance": {
          "2018-2019": {
            "wins": 23,
            "losses": 5,
            "yellowCards": 2,
            "redCards": 0,
            "assists": 10,
            "goalsScored": 2,
            "cups": 2,
            "transfers": []
          },
          "2019-2020": {
            "wins": 26,
            "losses": 4,
            "yellowCards": 3,
            "redCards": 0,
            "assists": 17,
            "goalsScored": 3,
            "cups": 5,
            "transfers": []
          }
        }
      },
      {
        "name": "Leroy Sane",
        "club": "Bayern Munich",
        "biography": "Leroy Sane, a German winger known for his explosive speed and dribbling ability, has added another dimension to Bayern Munich's attack...",
        "performance": {
          "2019-2020": {
            "wins": 26,
            "losses": 4,
            "yellowCards": 3,
            "redCards": 0,
            "assists": 14,
            "goalsScored": 10,
            "cups": 5,
            "transfers": [
              {
                "from": "Manchester City",
                "to": "Bayern Munich",
                "time": "2020-07"
              }
            ]
          }
        }
      },
      {
        "name": "Javi Martinez",
        "club": "Bayern Munich",
        "biography": "Javi Martinez, a Spanish midfielder known for his versatility and defensive skills, has provided experience to Bayern Munich's midfield...",
        "performance": {
          "2018-2019": {
            "wins": 23,
            "losses": 5,
            "yellowCards": 5,
            "redCards": 0,
            "assists": 2,
            "goalsScored": 2,
            "cups": 2,
            "transfers": []
          },
          "2019-2020": {
            "wins": 26,
            "losses": 4,
            "yellowCards": 4,
            "redCards": 0,
            "assists": 1,
            "goalsScored": 1,
            "cups": 5,
            "transfers": []
          }
        }
      },
      {
        "name": "Niklas Sule",
        "club": "Bayern Munich",
        "biography": "Niklas Sule, a German center-back known for his aerial prowess and strength, has been a rock in Bayern Munich's defense...",
        "performance": {
          "2018-2019": {
            "wins": 23,
            "losses": 5,
            "yellowCards": 6,
            "redCards": 0,
            "assists": 1,
            "goalsScored": 2,
            "cups": 2,
            "transfers": []
          },
          "2019-2020": {
            "wins": 26,
            "losses": 4,
            "yellowCards": 3,
            "redCards": 0,
            "assists": 0,
            "goalsScored": 1,
            "cups": 5,
            "transfers": []
          }
        }
      },
      {
        "name": "Erling Haaland",
        "club": "Borussia Dortmund",
        "biography": "Erling Haaland, a Norwegian striker known for his incredible goal-scoring ability, has been a sensation for Borussia Dortmund...",
        "performance": {
          "2018-2019": {
            "wins": 17,
            "losses": 9,
            "yellowCards": 1,
            "redCards": 0,
            "assists": 5,
            "goalsScored": 20,
            "cups": 0,
            "transfers": []
          },
          "2019-2020": {
            "wins": 21,
            "losses": 6,
            "yellowCards": 3,
            "redCards": 0,
            "assists": 7,
            "goalsScored": 44,
            "cups": 0,
            "transfers": []
          }
        }
      },
      {
        "name": "Marco Reus",
        "club": "Borussia Dortmund",
        "biography": "Marco Reus, a German attacking midfielder known for his creativity and leadership, has been a talismanic figure for Borussia Dortmund...",
        "performance": {
          "2018-2019": {
            "wins": 17,
            "losses": 9,
            "yellowCards": 3,
            "redCards": 0,
            "assists": 12,
            "goalsScored": 17,
            "cups": 0,
            "transfers": []
          },
          "2019-2020": {
            "wins": 21,
            "losses": 6,
            "yellowCards": 4,
            "redCards": 0,
            "assists": 10,
            "goalsScored": 19,
            "cups": 0,
            "transfers": []
          }
        }
      },
      {
        "name": "Jadon Sancho",
        "club": "Borussia Dortmund",
        "biography": "Jadon Sancho, an English winger known for his flair and skill on the ball, has been a major creative force for Borussia Dortmund...",
        "performance": {
          "2018-2019": {
            "wins": 17,
            "losses": 9,
            "yellowCards": 2,
            "redCards": 0,
            "assists": 19,
            "goalsScored": 13,
            "cups": 0,
            "transfers": []
          },
          "2019-2020": {
            "wins": 21,
            "losses": 6,
            "yellowCards": 3,
            "redCards": 0,
            "assists": 20,
            "goalsScored": 20,
            "cups": 0,
            "transfers": []
          }
        }
      },
      {
        "name": "Giovanni Reyna",
        "club": "Borussia Dortmund",
        "biography": "Giovanni Reyna, an American midfielder known for his technical ability and vision, has emerged as a rising star for Borussia Dortmund...",
        "performance": {
          "2019-2020": {
            "wins": 21,
            "losses": 6,
            "yellowCards": 2,
            "redCards": 0,
            "assists": 9,
            "goalsScored": 5,
            "cups": 0,
            "transfers": []
          }
        }
      },
      {
        "name": "Mats Hummels",
        "club": "Borussia Dortmund",
        "biography": "Mats Hummels, a German center-back known for his defensive prowess and leadership, has been a cornerstone of Borussia Dortmund's defense...",
        "performance": {
          "2018-2019": {
            "wins": 17,
            "losses": 9,
            "yellowCards": 4,
            "redCards": 0,
            "assists": 1,
            "goalsScored": 1,
            "cups": 0,
            "transfers": []
          },
          "2019-2020": {
            "wins": 21,
            "losses": 6,
            "yellowCards": 3,
            "redCards": 0,
            "assists": 2,
            "goalsScored": 2,
            "cups": 0,
            "transfers": []
          }
        }
      },
      {
        "name": "Axel Witsel",
        "club": "Borussia Dortmund",
        "biography": "Axel Witsel, a Belgian midfielder known for his physicality and passing ability, has been a key presence in Borussia Dortmund's midfield...",
        "performance": {
          "2018-2019": {
            "wins": 17,
            "losses": 9,
            "yellowCards": 4,
            "redCards": 0,
            "assists": 3,
            "goalsScored": 4,
            "cups": 0,
            "transfers": []
          },
          "2019-2020": {
            "wins": 21,
            "losses": 6,
            "yellowCards": 6,
            "redCards": 0,
            "assists": 5,
            "goalsScored": 3,
            "cups": 0,
            "transfers": []
          }
        }
      },
  
      {
        "name": "Raphael Guerreiro",
        "club": "Borussia Dortmund",
        "biography": "Raphael Guerreiro, a Portuguese left-back known for his attacking prowess and versatility, has been a valuable asset to Borussia Dortmund...",
        "performance": {
          "2018-2019": {
            "wins": 17,
            "losses": 9,
            "yellowCards": 3,
            "redCards": 0,
            "assists": 6,
            "goalsScored": 6,
            "cups": 0,
            "transfers": []
          },
          "2019-2020": {
            "wins": 21,
            "losses": 6,
            "yellowCards": 2,
            "redCards": 0,
            "assists": 10,
            "goalsScored": 9,
            "cups": 0,
            "transfers": []
          }
        }
      },
      {
        "name": "Jude Bellingham",
        "club": "Borussia Dortmund",
        "biography": "Jude Bellingham, an English midfielder known for his energy and composure, has quickly established himself as a promising talent for Borussia Dortmund...",
        "performance": {
          "2020-2021": {
            "wins": 18,
            "losses": 9,
            "yellowCards": 4,
            "redCards": 0,
            "assists": 6,
            "goalsScored": 4,
            "cups": 0,
            "transfers": []
          }
        }
      },
      {
        "name": "Roman Burki",
        "club": "Borussia Dortmund",
        "biography": "Roman Burki, a Swiss goalkeeper known for his shot-stopping ability, has been a reliable presence between the posts for Borussia Dortmund...",
        "performance": {
          "2018-2019": {
            "wins": 17,
            "losses": 9,
            "cleanSheets": 11,
            "yellowCards": 1,
            "redCards": 0,
            "goalsConceded": 28,
            "cups": 0,
            "transfers": []
          },
          "2019-2020": {
            "wins": 21,
            "losses": 6,
            "cleanSheets": 13,
            "yellowCards": 2,
            "redCards": 0,
            "goalsConceded": 33,
            "cups": 0,
            "transfers": []
          }
        }
      },
      {
        "name": "Emre Can",
        "club": "Borussia Dortmund",
        "biography": "Emre Can, a German midfielder known for his versatility and physicality, has provided stability and experience to Borussia Dortmund's midfield...",
        "performance": {
          "2020-2021": {
            "wins": 18,
            "losses": 9,
            "yellowCards": 6,
            "redCards": 0,
            "assists": 3,
            "goalsScored": 2,
            "cups": 0,
            "transfers": []
          }
        }
      },
      {
        "name": "Dan-Axel Zagadou",
        "club": "Borussia Dortmund",
        "biography": "Dan-Axel Zagadou, a French center-back known for his imposing presence and defensive skills, has been a rising star in Borussia Dortmund's defense...",
        "performance": {
          "2018-2019": {
            "wins": 17,
            "losses": 9,
            "yellowCards": 4,
            "redCards": 0,
            "assists": 1,
            "goalsScored": 1,
            "cups": 0,
            "transfers": []
          },
          "2019-2020": {
            "wins": 21,
            "losses": 6,
            "yellowCards": 5,
            "redCards": 0,
            "assists": 2,
            "goalsScored": 1,
            "cups": 0,
            "transfers": []
          }
        }
      },
      {
        "name": "Thomas Meunier",
        "club": "Borussia Dortmund",
        "biography": "Thomas Meunier, a Belgian right-back known for his attacking contributions and defensive solidity, has added depth to Borussia Dortmund's backline...",
        "performance": {
          "2020-2021": {
            "wins": 18,
            "losses": 9,
            "yellowCards": 4,
            "redCards": 0,
            "assists": 8,
            "goalsScored": 3,
            "cups": 0,
            "transfers": [
              {
                "from": "Paris Saint-Germain",
                "to": "Borussia Dortmund",
                "time": "2020-07"
              }
            ]
          }
        }
      },
      {
        "name": "Matheus Cunha",
        "club": "Hertha BSC",
        "biography": "Matheus Cunha, a Brazilian forward known for his dribbling skills and creativity, has been a key playmaker for Hertha BSC...",
        "performance": {
          "2018-2019": {
            "wins": 10,
            "losses": 15,
            "yellowCards": 4,
            "redCards": 0,
            "assists": 6,
            "goalsScored": 9,
            "cups": 0,
            "transfers": []
          },
          "2019-2020": {
            "wins": 9,
            "losses": 16,
            "yellowCards": 5,
            "redCards": 0,
            "assists": 7,
            "goalsScored": 13,
            "cups": 0,
            "transfers": []
          }
        }
      },
      {
        "name": "Vladimir Darida",
        "club": "Hertha BSC",
        "biography": "Vladimir Darida, a Czech midfielder known for his work rate and passing ability, has been a driving force in Hertha BSC's midfield...",
        "performance": {
          "2018-2019": {
            "wins": 10,
            "losses": 15,
            "yellowCards": 6,
            "redCards": 0,
            "assists": 4,
            "goalsScored": 5,
            "cups": 0,
            "transfers": []
          },
          "2019-2020": {
            "wins": 9,
            "losses": 16,
            "yellowCards": 4,
            "redCards": 0,
            "assists": 5,
            "goalsScored": 6,
            "cups": 0,
            "transfers": []
          }
        }
      },
      {
        "name": "Dodi Lukebakio",
        "club": "Hertha BSC",
        "biography": "Dodi Lukebakio, a Belgian winger known for his speed and goal-scoring ability, has been a threat on the flanks for Hertha BSC...",
        "performance": {
          "2018-2019": {
            "wins": 10,
            "losses": 15,
            "yellowCards": 3,
            "redCards": 0,
            "assists": 6,
            "goalsScored": 8,
            "cups": 0,
            "transfers": []
          },
          "2019-2020": {
            "wins": 9,
            "losses": 16,
            "yellowCards": 2,
            "redCards": 0,
            "assists": 3,
            "goalsScored": 7,
            "cups": 0,
            "transfers": []
          }
        }
      },
      {
        "name": "Jordan Torunarigha",
        "club": "Hertha BSC",
        "biography": "Jordan Torunarigha, a German defender known for his defensive skills and versatility, has been a reliable presence in Hertha BSC's backline...",
        "performance": {
          "2018-2019": {
            "wins": 10,
            "losses": 15,
            "yellowCards": 4,
            "redCards": 0,
            "assists": 1,
            "goalsScored": 1,
            "cups": 0,
            "transfers": []
          },
          "2019-2020": {
            "wins": 9,
            "losses": 16,
            "yellowCards": 3,
            "redCards": 0,
            "assists": 2,
            "goalsScored": 2,
            "cups": 0,
            "transfers": []
          }
        }
      },
      {
        "name": "Lucas Tousart",
        "club": "Hertha BSC",
        "biography": "Lucas Tousart, a French midfielder known for his defensive contributions and passing ability, has been a vital cog in Hertha BSC's midfield...",
        "performance": {
          "2019-2020": {
            "wins": 9,
            "losses": 16,
            "yellowCards": 4,
            "redCards": 0,
            "assists": 3,
            "goalsScored": 2,
            "cups": 0,
            "transfers": [
              {
                "from": "Olympique Lyonnais",
                "to": "Hertha BSC",
                "time": "2020-01"
              }
            ]
          }
        }
      },
      {
        "name": "Krzysztof Piatek",
        "club": "Hertha BSC",
        "biography": "Krzysztof Piatek, a Polish striker known for his poaching instincts and goal-scoring ability, has been a key figure in Hertha BSC's attack...",
        "performance": {
          "2020-2021": {
            "wins": 8,
            "losses": 17,
            "yellowCards": 3,
            "redCards": 0,
            "assists": 5,
            "goalsScored": 11,
            "cups": 0,
            "transfers": [
              {
                "from": "AC Milan",
                "to": "Hertha BSC",
                "time": "2020-01"
              }
            ]
          }
        }
      },
  
      {
        "name": "Deyovaisio Zeefuik",
        "club": "Hertha BSC",
        "biography": "Deyovaisio Zeefuik, a Dutch right-back known for his defensive abilities and attacking contributions, has been a versatile presence for Hertha BSC...",
        "performance": {
          "2020-2021": {
            "wins": 8,
            "losses": 17,
            "yellowCards": 5,
            "redCards": 0,
            "assists": 3,
            "goalsScored": 2,
            "cups": 0,
            "transfers": [
              {
                "from": "FC Groningen",
                "to": "Hertha BSC",
                "time": "2020-08"
              }
            ]
          }
        }
      },
      {
        "name": "Marvin Plattenhardt",
        "club": "Hertha BSC",
        "biography": "Marvin Plattenhardt, a German left-back known for his accurate crosses and set-piece ability, has been a key contributor in Hertha BSC's defense...",
        "performance": {
          "2018-2019": {
            "wins": 10,
            "losses": 15,
            "yellowCards": 2,
            "redCards": 0,
            "assists": 6,
            "goalsScored": 1,
            "cups": 0,
            "transfers": []
          },
          "2019-2020": {
            "wins": 9,
            "losses": 16,
            "yellowCards": 4,
            "redCards": 0,
            "assists": 3,
            "goalsScored": 2,
            "cups": 0,
            "transfers": []
          }
        }
      },
      {
        "name": "Niklas Stark",
        "club": "Hertha BSC",
        "biography": "Niklas Stark, a German defender known for his composure and aerial ability, has been a mainstay in Hertha BSC's backline...",
        "performance": {
          "2018-2019": {
            "wins": 10,
            "losses": 15,
            "yellowCards": 3,
            "redCards": 0,
            "assists": 2,
            "goalsScored": 1,
            "cups": 0,
            "transfers": []
          },
          "2019-2020": {
            "wins": 9,
            "losses": 16,
            "yellowCards": 2,
            "redCards": 0,
            "assists": 2,
            "goalsScored": 0,
            "cups": 0,
            "transfers": []
          }
        }
      },
      {
        "name": "Krzysztof Piatek",
        "club": "Hertha BSC",
        "biography": "Krzysztof Piatek, a Polish striker known for his poaching instincts and goal-scoring ability, has been a key figure in Hertha BSC's attack...",
        "performance": {
          "2020-2021": {
            "wins": 8,
            "losses": 17,
            "yellowCards": 3,
            "redCards": 0,
            "assists": 5,
            "goalsScored": 11,
            "cups": 0,
            "transfers": [
              {
                "from": "AC Milan",
                "to": "Hertha BSC",
                "time": "2020-01"
              }
            ]
          }
        }
      },
      {
        "name": "Santiago Ascacibar",
        "club": "Hertha BSC",
        "biography": "Santiago Ascacibar, an Argentine midfielder known for his tenacity and ball-winning ability, has provided a combative presence in Hertha BSC's midfield...",
        "performance": {
          "2020-2021": {
            "wins": 8,
            "losses": 17,
            "yellowCards": 8,
            "redCards": 1,
            "assists": 1,
            "goalsScored": 0,
            "cups": 0,
            "transfers": [
              {
                "from": "VfB Stuttgart",
                "to": "Hertha BSC",
                "time": "2019-08"
              }
            ]
          }
        }
      },
      {
        "name": "Vedad Ibisevic",
        "club": "Hertha BSC",
        "biography": "Vedad Ibisevic, a Bosnian forward known for his experience and goal-scoring prowess, has been a veteran presence in Hertha BSC's attack...",
        "performance": {
          "2018-2019": {
            "wins": 10,
            "losses": 15,
            "yellowCards": 2,
            "redCards": 0,
            "assists": 4,
            "goalsScored": 10,
            "cups": 0,
            "transfers": []
          },
          "2019-2020": {
            "wins": 9,
            "losses": 16,
            "yellowCards": 2,
            "redCards": 0,
            "assists": 2,
            "goalsScored": 9,
            "cups": 0,
            "transfers": []
          }
        }
      },
      {
        "name": "Timo Werner",
        "club": "RB Leipzig",
        "biography": "Timo Werner, a German striker known for his lightning speed and clinical finishing, was a prolific goal-scorer during his time at RB Leipzig...",
        "performance": {
          "2018-2019": {
            "wins": 19,
            "losses": 7,
            "yellowCards": 1,
            "redCards": 0,
            "assists": 8,
            "goalsScored": 19,
            "cups": 0,
            "transfers": [
              {
                "from": "RB Leipzig",
                "to": "Chelsea",
                "time": "2020-07"
              }
            ]
          }
        }
      },
      {
        "name": "Marcel Sabitzer",
        "club": "RB Leipzig",
        "biography": "Marcel Sabitzer, an Austrian midfielder known for his versatility and leadership, was a key playmaker for RB Leipzig during his tenure...",
        "performance": {
          "2018-2019": {
            "wins": 19,
            "losses": 7,
            "yellowCards": 4,
            "redCards": 0,
            "assists": 5,
            "goalsScored": 4,
            "cups": 0,
            "transfers": []
          }
        }
      },
      {
        "name": "Emil Forsberg",
        "club": "RB Leipzig",
        "biography": "Emil Forsberg, a Swedish midfielder known for his creativity and vision, played a pivotal role in RB Leipzig's attacking style of play...",
        "performance": {
          "2018-2019": {
            "wins": 19,
            "losses": 7,
            "yellowCards": 3,
            "redCards": 0,
            "assists": 13,
            "goalsScored": 8,
            "cups": 0,
            "transfers": []
          }
        }
      },
      {
        "name": "Dayot Upamecano",
        "club": "RB Leipzig",
        "biography": "Dayot Upamecano, a French center-back known for his strength and composure, was a defensive pillar for RB Leipzig during his time at the club...",
        "performance": {
          "2018-2019": {
            "wins": 19,
            "losses": 7,
            "yellowCards": 5,
            "redCards": 0,
            "assists": 1,
            "goalsScored": 1,
            "cups": 0,
            "transfers": [
              {
                "from": "RB Salzburg",
                "to": "RB Leipzig",
                "time": "2017-01"
              }
            ]
          }
        }
      },
      {
        "name": "Yussuf Poulsen",
        "club": "RB Leipzig",
        "biography": "Yussuf Poulsen, a Danish forward known for his physicality and work rate, contributed both goals and assists to RB Leipzig's attacking efforts...",
        "performance": {
          "2018-2019": {
            "wins": 19,
            "losses": 7,
            "yellowCards": 3,
            "redCards": 0,
            "assists": 8,
            "goalsScored": 19,
            "cups": 0,
            "transfers": []
          }
        }
      },
      {
        "name": "Christopher Nkunku",
        "club": "RB Leipzig",
        "biography": "Christopher Nkunku, a French midfielder known for his dribbling skills and creativity, added flair to RB Leipzig's midfield play...",
        "performance": {
          "2019-2020": {
            "wins": 18,
            "losses": 8,
            "yellowCards": 2,
            "redCards": 0,
            "assists": 18,
            "goalsScored": 5,
            "cups": 0,
            "transfers": [
              {
                "from": "Paris Saint-Germain",
                "to": "RB Leipzig",
                "time": "2019-07"
              }
            ]
          }
        }
      },
  
      {
        "name": "Willi Orban",
        "club": "RB Leipzig",
        "biography": "Willi Orban, a Hungarian center-back known for his aerial ability and leadership, has been a stalwart in RB Leipzig's defense...",
        "performance": {
          "2018-2019": {
            "wins": 19,
            "losses": 7,
            "yellowCards": 5,
            "redCards": 0,
            "assists": 1,
            "goalsScored": 4,
            "cups": 0,
            "transfers": []
          }
        }
      },
      {
        "name": "Dani Olmo",
        "club": "RB Leipzig",
        "biography": "Dani Olmo, a Spanish midfielder known for his technical skills and creativity, has been a key playmaker for RB Leipzig...",
        "performance": {
          "2019-2020": {
            "wins": 18,
            "losses": 8,
            "yellowCards": 2,
            "redCards": 0,
            "assists": 10,
            "goalsScored": 5,
            "cups": 0,
            "transfers": [
              {
                "from": "Dinamo Zagreb",
                "to": "RB Leipzig",
                "time": "2020-01"
              }
            ]
          }
        }
      },
      {
        "name": "Nordi Mukiele",
        "club": "RB Leipzig",
        "biography": "Nordi Mukiele, a French defender known for his versatility and pace, has been an important asset to RB Leipzig's backline...",
        "performance": {
          "2018-2019": {
            "wins": 19,
            "losses": 7,
            "yellowCards": 3,
            "redCards": 0,
            "assists": 3,
            "goalsScored": 1,
            "cups": 0,
            "transfers": []
          }
        }
      },
      {
        "name": "Patrik Schick",
        "club": "RB Leipzig",
        "biography": "Patrik Schick, a Czech forward known for his technical ability and finishing, contributed both goals and assists to RB Leipzig's attack...",
        "performance": {
          "2019-2020": {
            "wins": 18,
            "losses": 8,
            "yellowCards": 4,
            "redCards": 0,
            "assists": 6,
            "goalsScored": 10,
            "cups": 0,
            "transfers": [
              {
                "from": "AS Roma",
                "to": "RB Leipzig",
                "time": "2019-07"
              }
            ]
          }
        }
      },
      {
        "name": "Kevin Kampl",
        "club": "RB Leipzig",
        "biography": "Kevin Kampl, a Slovenian midfielder known for his work rate and passing, has been a driving force in RB Leipzig's midfield...",
        "performance": {
          "2018-2019": {
            "wins": 19,
            "losses": 7,
            "yellowCards": 3,
            "redCards": 0,
            "assists": 8,
            "goalsScored": 1,
            "cups": 0,
            "transfers": []
          }
        }
      },
      {
        "name": "Tyler Adams",
        "club": "RB Leipzig",
        "biography": "Tyler Adams, an American midfielder known for his energy and versatility, has shown immense potential during his time at RB Leipzig...",
        "performance": {
          "2018-2019": {
            "wins": 19,
            "losses": 7,
            "yellowCards": 2,
            "redCards": 0,
            "assists": 1,
            "goalsScored": 2,
            "cups": 0,
            "transfers": [
              {
                "from": "New York Red Bulls",
                "to": "RB Leipzig",
                "time": "2019-01"
              }
            ]
          }
        }
      },
      {
        "name": "Ibrahima Konate",
        "club": "RB Leipzig",
        "biography": "Ibrahima Konate, a French center-back known for his defensive prowess and athleticism, has been a rising star in RB Leipzig's defense...",
        "performance": {
          "2018-2019": {
            "wins": 19,
            "losses": 7,
            "yellowCards": 4,
            "redCards": 0,
            "assists": 0,
            "goalsScored": 1,
            "cups": 0,
            "transfers": [
              {
                "from": "Sochaux",
                "to": "RB Leipzig",
                "time": "2017-07"
              }
            ]
          }
        }
      },
      {
        "name": "Amadou Haidara",
        "club": "RB Leipzig",
        "biography": "Amadou Haidara, a Malian midfielder known for his technical skills and vision, has provided creativity and dynamism to RB Leipzig's midfield...",
        "performance": {
          "2018-2019": {
            "wins": 19,
            "losses": 7,
            "yellowCards": 6,
            "redCards": 0,
            "assists": 3,
            "goalsScored": 1,
            "cups": 0,
            "transfers": []
          }
        }
      },
      {
        "name": "Nicolas Gonzalez",
        "club": "VfB Stuttgart",
        "biography": "Nicolas Gonzalez, an Argentine forward known for his agility and goal-scoring ability, played a pivotal role in VfB Stuttgart's attack...",
        "performance": {
          "2018-2019": {
            "wins": 8,
            "losses": 17,
            "yellowCards": 5,
            "redCards": 0,
            "assists": 3,
            "goalsScored": 8,
            "cups": 0,
            "transfers": []
          }
        }
      },
      {
        "name": "Sasa Kalajdzic",
        "club": "VfB Stuttgart",
        "biography": "Sasa Kalajdzic, an Austrian striker known for his height and aerial ability, was a key target man for VfB Stuttgart's attacking plays...",
        "performance": {
          "2020-2021": {
            "wins": 13,
            "losses": 10,
            "yellowCards": 2,
            "redCards": 0,
            "assists": 5,
            "goalsScored": 17,
            "cups": 0,
            "transfers": []
          }
        }
      },
      {
        "name": "Orel Mangala",
        "club": "VfB Stuttgart",
        "biography": "Orel Mangala, a Belgian midfielder known for his dynamism and passing ability, has been a driving force in VfB Stuttgart's midfield...",
        "performance": {
          "2018-2019": {
            "wins": 8,
            "losses": 17,
            "yellowCards": 7,
            "redCards": 0,
            "assists": 4,
            "goalsScored": 1,
            "cups": 0,
            "transfers": [
              {
                "from": "Hamburg",
                "to": "VfB Stuttgart",
                "time": "2019-07"
              }
            ]
          }
        }
      },
      {
        "name": "Wataru Endo",
        "club": "VfB Stuttgart",
        "biography": "Wataru Endo, a Japanese midfielder known for his versatility and work rate, has provided stability and energy to VfB Stuttgart's midfield...",
        "performance": {
          "2020-2021": {
            "wins": 13,
            "losses": 10,
            "yellowCards": 6,
            "redCards": 0,
            "assists": 1,
            "goalsScored": 1,
            "cups": 0,
            "transfers": [
              {
                "from": "Sint-Truiden",
                "to": "VfB Stuttgart",
                "time": "2019-07"
              }
            ]
          }
        }
      },
      {
        "name": "Tanguy Coulibaly",
        "club": "VfB Stuttgart",
        "biography": "Tanguy Coulibaly, a French forward known for his pace and dribbling skills, has added flair to VfB Stuttgart's attacking options...",
        "performance": {
          "2020-2021": {
            "wins": 13,
            "losses": 10,
            "yellowCards": 4,
            "redCards": 0,
            "assists": 2,
            "goalsScored": 6,
            "cups": 0,
            "transfers": []
          }
        }
      },
      {
        "name": "Gonzalo Castro",
        "club": "VfB Stuttgart",
        "biography": "Gonzalo Castro, a German midfielder known for his experience and passing ability, has been a midfield maestro for VfB Stuttgart...",
        "performance": {
          "2018-2019": {
            "wins": 8,
            "losses": 17,
            "yellowCards": 4,
            "redCards": 0,
            "assists": 6,
            "goalsScored": 1,
            "cups": 0,
            "transfers": []
          }
        }
      },
  
      {
        "name": "Gregor Kobel",
        "club": "VfB Stuttgart",
        "biography": "Gregor Kobel, a Swiss goalkeeper known for his shot-stopping ability and commanding presence, has been a reliable last line of defense for VfB Stuttgart...",
        "performance": {
          "2020-2021": {
            "wins": 13,
            "losses": 10,
            "cleanSheets": 7,
            "yellowCards": 0,
            "redCards": 0,
            "goalsConceded": 28,
            "cups": 0,
            "transfers": [
              {
                "from": "Hoffenheim",
                "to": "VfB Stuttgart",
                "time": "2019-07"
              }
            ]
          }
        }
      },
      {
        "name": "Philipp Klement",
        "club": "VfB Stuttgart",
        "biography": "Philipp Klement, a German midfielder known for his set-piece prowess and vision, has contributed creativity to VfB Stuttgart's midfield...",
        "performance": {
          "2019-2020": {
            "wins": 10,
            "losses": 7,
            "yellowCards": 2,
            "redCards": 0,
            "assists": 2,
            "goalsScored": 4,
            "cups": 0,
            "transfers": [
              {
                "from": "Paderborn",
                "to": "VfB Stuttgart",
                "time": "2019-07"
              }
            ]
          }
        }
      },
      {
        "name": "Erik Thommy",
        "club": "VfB Stuttgart",
        "biography": "Erik Thommy, a German winger known for his pace and crossing ability, has provided width and attacking options for VfB Stuttgart...",
        "performance": {
          "2018-2019": {
            "wins": 8,
            "losses": 17,
            "yellowCards": 4,
            "redCards": 0,
            "assists": 4,
            "goalsScored": 3,
            "cups": 0,
            "transfers": []
          }
        }
      },
      {
        "name": "Marc-Oliver Kempf",
        "club": "VfB Stuttgart",
        "biography": "Marc-Oliver Kempf, a German center-back known for his defensive skills and leadership, has been a reliable presence in VfB Stuttgart's backline...",
        "performance": {
          "2018-2019": {
            "wins": 8,
            "losses": 17,
            "yellowCards": 5,
            "redCards": 0,
            "assists": 0,
            "goalsScored": 0,
            "cups": 0,
            "transfers": []
          }
        }
      },
      {
        "name": "Atakan Karazor",
        "club": "VfB Stuttgart",
        "biography": "Atakan Karazor, a Turkish midfielder known for his versatility and tenacity, has provided depth and energy to VfB Stuttgart's midfield...",
        "performance": {
          "2019-2020": {
            "wins": 10,
            "losses": 7,
            "yellowCards": 2,
            "redCards": 0,
            "assists": 1,
            "goalsScored": 1,
            "cups": 0,
            "transfers": [
              {
                "from": "Holstein Kiel",
                "to": "VfB Stuttgart",
                "time": "2019-07"
              }
            ]
          }
        }
      },
      {
        "name": "Nico Schlotterbeck",
        "club": "VfB Stuttgart",
        "biography": "Nico Schlotterbeck, a German defender known for his composure and reading of the game, has been a rising talent in VfB Stuttgart's defense...",
        "performance": {
          "2020-2021": {
            "wins": 13,
            "losses": 10,
            "yellowCards": 4,
            "redCards": 0,
            "assists": 0,
            "goalsScored": 0,
            "cups": 0,
            "transfers": [
              {
                "from": "Freiburg",
                "to": "VfB Stuttgart",
                "time": "2020-07"
              }
            ]
          }
        }
      },
      {
        "name": "Wout Weghorst",
        "club": "VfL Wolfsburg",
        "biography": "Wout Weghorst, a Dutch striker known for his physical presence and goal-scoring ability, has been a prolific scorer for VfL Wolfsburg...",
        "performance": {
          "2018-2019": {
            "wins": 16,
            "losses": 9,
            "yellowCards": 4,
            "redCards": 0,
            "assists": 7,
            "goalsScored": 17,
            "cups": 0,
            "transfers": [
              {
                "from": "AZ Alkmaar",
                "to": "VfL Wolfsburg",
                "time": "2018-07"
              }
            ]
          }
        }
      },
      {
        "name": "Maximilian Arnold",
        "club": "VfL Wolfsburg",
        "biography": "Maximilian Arnold, a German midfielder known for his passing and set-piece ability, has been a creative force in VfL Wolfsburg's midfield...",
        "performance": {
          "2018-2019": {
            "wins": 16,
            "losses": 9,
            "yellowCards": 6,
            "redCards": 0,
            "assists": 8,
            "goalsScored": 6,
            "cups": 0,
            "transfers": []
          }
        }
      },
      {
        "name": "Renato Steffen",
        "club": "VfL Wolfsburg",
        "biography": "Renato Steffen, a Swiss winger known for his pace and crossing ability, has been a key contributor to VfL Wolfsburg's attacking plays...",
        "performance": {
          "2018-2019": {
            "wins": 16,
            "losses": 9,
            "yellowCards": 5,
            "redCards": 0,
            "assists": 5,
            "goalsScored": 6,
            "cups": 0,
            "transfers": []
          }
        }
      },
      {
        "name": "John Brooks",
        "club": "VfL Wolfsburg",
        "biography": "John Brooks, an American center-back known for his defensive prowess and aerial ability, has been a reliable presence in VfL Wolfsburg's defense...",
        "performance": {
          "2018-2019": {
            "wins": 16,
            "losses": 9,
            "yellowCards": 3,
            "redCards": 0,
            "assists": 0,
            "goalsScored": 1,
            "cups": 0,
            "transfers": []
          }
        }
      },
      {
        "name": "Yannick Gerhardt",
        "club": "VfL Wolfsburg",
        "biography": "Yannick Gerhardt, a German midfielder known for his versatility and energy, has been a reliable presence in both defense and midfield for VfL Wolfsburg...",
        "performance": {
          "2018-2019": {
            "wins": 16,
            "losses": 9,
            "yellowCards": 2,
            "redCards": 0,
            "assists": 2,
            "goalsScored": 2,
            "cups": 0,
            "transfers": []
          }
        }
      },
      {
        "name": "Josuha Guilavogui",
        "club": "VfL Wolfsburg",
        "biography": "Josuha Guilavogui, a French midfielder known for his defensive skills and leadership, has been a crucial anchor in VfL Wolfsburg's midfield...",
        "performance": {
          "2018-2019": {
            "wins": 16,
            "losses": 9,
            "yellowCards": 9,
            "redCards": 0,
            "assists": 0,
            "goalsScored": 1,
            "cups": 0,
            "transfers": []
          }
        }
      },
  
      {
        "name": "Joao Victor",
        "club": "VfL Wolfsburg",
        "biography": "Joao Victor, a Brazilian forward known for his pace and dribbling skills, has been a dynamic presence in VfL Wolfsburg's attacking lineup...",
        "performance": {
          "2019-2020": {
            "wins": 10,
            "losses": 9,
            "yellowCards": 2,
            "redCards": 0,
            "assists": 5,
            "goalsScored": 5,
            "cups": 0,
            "transfers": [
              {
                "from": "LASK Linz",
                "to": "VfL Wolfsburg",
                "time": "2019-07"
              }
            ]
          }
        }
      },
      {
        "name": "Maxence Lacroix",
        "club": "VfL Wolfsburg",
        "biography": "Maxence Lacroix, a French center-back known for his composure and defensive reading, has been a rising star in VfL Wolfsburg's defense...",
        "performance": {
          "2020-2021": {
            "wins": 15,
            "losses": 10,
            "yellowCards": 6,
            "redCards": 0,
            "assists": 0,
            "goalsScored": 1,
            "cups": 0,
            "transfers": [
              {
                "from": "Sochaux",
                "to": "VfL Wolfsburg",
                "time": "2020-07"
              }
            ]
          }
        }
      },
      {
        "name": "Xaver Schlager",
        "club": "VfL Wolfsburg",
        "biography": "Xaver Schlager, an Austrian midfielder known for his work rate and passing ability, has provided energy and control to VfL Wolfsburg's midfield...",
        "performance": {
          "2019-2020": {
            "wins": 10,
            "losses": 9,
            "yellowCards": 8,
            "redCards": 0,
            "assists": 2,
            "goalsScored": 1,
            "cups": 0,
            "transfers": [
              {
                "from": "RB Salzburg",
                "to": "VfL Wolfsburg",
                "time": "2019-07"
              }
            ]
          }
        }
      },
      {
        "name": "Ridle Baku",
        "club": "VfL Wolfsburg",
        "biography": "Ridle Baku, a German full-back known for his versatility and attacking contributions, has been a key asset to VfL Wolfsburg's defense and midfield...",
        "performance": {
          "2020-2021": {
            "wins": 15,
            "losses": 10,
            "yellowCards": 3,
            "redCards": 0,
            "assists": 7,
            "goalsScored": 4,
            "cups": 0,
            "transfers": []
          }
        }
      },
      {
        "name": "Jerome Roussillon",
        "club": "VfL Wolfsburg",
        "biography": "Jerome Roussillon, a French left-back known for his defensive skills and crossing ability, has provided balance and defensive solidity to VfL Wolfsburg...",
        "performance": {
          "2018-2019": {
            "wins": 16,
            "losses": 9,
            "yellowCards": 2,
            "redCards": 0,
            "assists": 4,
            "goalsScored": 2,
            "cups": 0,
            "transfers": [
              {
                "from": "Montpellier",
                "to": "VfL Wolfsburg",
                "time": "2018-07"
              }
            ]
          }
        }
      },
      {
        "name": "Yannick Gerhardt",
        "club": "VfL Wolfsburg",
        "biography": "Yannick Gerhardt, a German midfielder known for his versatility and energy, has been a reliable presence in both defense and midfield for VfL Wolfsburg...",
        "performance": {
          "2018-2019": {
            "wins": 16,
            "losses": 9,
            "yellowCards": 2,
            "redCards": 0,
            "assists": 2,
            "goalsScored": 2,
            "cups": 0,
            "transfers": []
          }
        }
      }
]