[
    {
      "name": "Timo Werner",
      "club": "RB Leipzig",
      "biography": "Timo Werner, a German striker known for his lightning speed and clinical finishing, was a prolific goal-scorer during his time at RB Leipzig...",
      "performance": {
        "2018-2019": {
          "wins": 19,
          "losses": 7,
          "yellowCards": 1,
          "redCards": 0,
          "assists": 8,
          "goalsScored": 19,
          "cups": 0,
          "transfers": [
            {
              "from": "RB Leipzig",
              "to": "Chelsea",
              "time": "2020-07"
            }
          ]
        }
      }
    },
    {
      "name": "Marcel Sabitzer",
      "club": "RB Leipzig",
      "biography": "Marcel Sabitzer, an Austrian midfielder known for his versatility and leadership, was a key playmaker for RB Leipzig during his tenure...",
      "performance": {
        "2018-2019": {
          "wins": 19,
          "losses": 7,
          "yellowCards": 4,
          "redCards": 0,
          "assists": 5,
          "goalsScored": 4,
          "cups": 0,
          "transfers": []
        }
      }
    },
    {
      "name": "Emil Forsberg",
      "club": "RB Leipzig",
      "biography": "Emil Forsberg, a Swedish midfielder known for his creativity and vision, played a pivotal role in RB Leipzig's attacking style of play...",
      "performance": {
        "2018-2019": {
          "wins": 19,
          "losses": 7,
          "yellowCards": 3,
          "redCards": 0,
          "assists": 13,
          "goalsScored": 8,
          "cups": 0,
          "transfers": []
        }
      }
    },
    {
      "name": "Dayot Upamecano",
      "club": "RB Leipzig",
      "biography": "Dayot Upamecano, a French center-back known for his strength and composure, was a defensive pillar for RB Leipzig during his time at the club...",
      "performance": {
        "2018-2019": {
          "wins": 19,
          "losses": 7,
          "yellowCards": 5,
          "redCards": 0,
          "assists": 1,
          "goalsScored": 1,
          "cups": 0,
          "transfers": [
            {
              "from": "RB Salzburg",
              "to": "RB Leipzig",
              "time": "2017-01"
            }
          ]
        }
      }
    },
    {
      "name": "Yussuf Poulsen",
      "club": "RB Leipzig",
      "biography": "Yussuf Poulsen, a Danish forward known for his physicality and work rate, contributed both goals and assists to RB Leipzig's attacking efforts...",
      "performance": {
        "2018-2019": {
          "wins": 19,
          "losses": 7,
          "yellowCards": 3,
          "redCards": 0,
          "assists": 8,
          "goalsScored": 19,
          "cups": 0,
          "transfers": []
        }
      }
    },
    {
      "name": "Christopher Nkunku",
      "club": "RB Leipzig",
      "biography": "Christopher Nkunku, a French midfielder known for his dribbling skills and creativity, added flair to RB Leipzig's midfield play...",
      "performance": {
        "2019-2020": {
          "wins": 18,
          "losses": 8,
          "yellowCards": 2,
          "redCards": 0,
          "assists": 18,
          "goalsScored": 5,
          "cups": 0,
          "transfers": [
            {
              "from": "Paris Saint-Germain",
              "to": "RB Leipzig",
              "time": "2019-07"
            }
          ]
        }
      }
    },

    {
      "name": "Willi Orban",
      "club": "RB Leipzig",
      "biography": "Willi Orban, a Hungarian center-back known for his aerial ability and leadership, has been a stalwart in RB Leipzig's defense...",
      "performance": {
        "2018-2019": {
          "wins": 19,
          "losses": 7,
          "yellowCards": 5,
          "redCards": 0,
          "assists": 1,
          "goalsScored": 4,
          "cups": 0,
          "transfers": []
        }
      }
    },
    {
      "name": "Dani Olmo",
      "club": "RB Leipzig",
      "biography": "Dani Olmo, a Spanish midfielder known for his technical skills and creativity, has been a key playmaker for RB Leipzig...",
      "performance": {
        "2019-2020": {
          "wins": 18,
          "losses": 8,
          "yellowCards": 2,
          "redCards": 0,
          "assists": 10,
          "goalsScored": 5,
          "cups": 0,
          "transfers": [
            {
              "from": "Dinamo Zagreb",
              "to": "RB Leipzig",
              "time": "2020-01"
            }
          ]
        }
      }
    },
    {
      "name": "Nordi Mukiele",
      "club": "RB Leipzig",
      "biography": "Nordi Mukiele, a French defender known for his versatility and pace, has been an important asset to RB Leipzig's backline...",
      "performance": {
        "2018-2019": {
          "wins": 19,
          "losses": 7,
          "yellowCards": 3,
          "redCards": 0,
          "assists": 3,
          "goalsScored": 1,
          "cups": 0,
          "transfers": []
        }
      }
    },
    {
      "name": "Patrik Schick",
      "club": "RB Leipzig",
      "biography": "Patrik Schick, a Czech forward known for his technical ability and finishing, contributed both goals and assists to RB Leipzig's attack...",
      "performance": {
        "2019-2020": {
          "wins": 18,
          "losses": 8,
          "yellowCards": 4,
          "redCards": 0,
          "assists": 6,
          "goalsScored": 10,
          "cups": 0,
          "transfers": [
            {
              "from": "AS Roma",
              "to": "RB Leipzig",
              "time": "2019-07"
            }
          ]
        }
      }
    },
    {
      "name": "Kevin Kampl",
      "club": "RB Leipzig",
      "biography": "Kevin Kampl, a Slovenian midfielder known for his work rate and passing, has been a driving force in RB Leipzig's midfield...",
      "performance": {
        "2018-2019": {
          "wins": 19,
          "losses": 7,
          "yellowCards": 3,
          "redCards": 0,
          "assists": 8,
          "goalsScored": 1,
          "cups": 0,
          "transfers": []
        }
      }
    },
    {
      "name": "Tyler Adams",
      "club": "RB Leipzig",
      "biography": "Tyler Adams, an American midfielder known for his energy and versatility, has shown immense potential during his time at RB Leipzig...",
      "performance": {
        "2018-2019": {
          "wins": 19,
          "losses": 7,
          "yellowCards": 2,
          "redCards": 0,
          "assists": 1,
          "goalsScored": 2,
          "cups": 0,
          "transfers": [
            {
              "from": "New York Red Bulls",
              "to": "RB Leipzig",
              "time": "2019-01"
            }
          ]
        }
      }
    },
    {
      "name": "Ibrahima Konate",
      "club": "RB Leipzig",
      "biography": "Ibrahima Konate, a French center-back known for his defensive prowess and athleticism, has been a rising star in RB Leipzig's defense...",
      "performance": {
        "2018-2019": {
          "wins": 19,
          "losses": 7,
          "yellowCards": 4,
          "redCards": 0,
          "assists": 0,
          "goalsScored": 1,
          "cups": 0,
          "transfers": [
            {
              "from": "Sochaux",
              "to": "RB Leipzig",
              "time": "2017-07"
            }
          ]
        }
      }
    },
    {
      "name": "Amadou Haidara",
      "club": "RB Leipzig",
      "biography": "Amadou Haidara, a Malian midfielder known for his technical skills and vision, has provided creativity and dynamism to RB Leipzig's midfield...",
      "performance": {
        "2018-2019": {
          "wins": 19,
          "losses": 7,
          "yellowCards": 6,
          "redCards": 0,
          "assists": 3,
          "goalsScored": 1,
          "cups": 0,
          "transfers": []
        }
      }
    }
  ]
  
