[
    {
        "imgSrc": "./images/Arsenal-folder/10002.png",
        "name": "Hieran Tierny",
        "position": "Defender",
        "description": "Victor Lindelof is a talented defender..."
    },
    {
        "imgSrc": "./images/Arsenal-folder/10003.png",
        "name": "Ben White",
        "position": "Defender",
        "description": "Victor Lindelof is a talented defender..."
    },
    {
        "imgSrc": "./images/Arsenal-folder/10004.png",
        "name": "Gabriel Magahlaes",
        "position": "Defender",
        "description": "Victor Lindelof is a talented defender..."
    },
    {
        "imgSrc": "./images/Arsenal-folder/10005.png",
        "name": "William Saliba",
        "position": "Defender",
        "description": "Victor Lindelof is a talented defender..."
    },
    {
        "imgSrc": "./images/Arsenal-folder/10006.png",
        "name": "Jakub Kiwior",
        "position": "Defender",
        "description": "Victor Lindelof is a talented defender..."
    },
    {
        "imgSrc": "./images/Arsenal-folder/10007.png",
        "name": "Rob Holding",
        "position": "Defender",
        "description": "Victor Lindelof is a talented defender..."
    },
    {
        "imgSrc": "./images/Arsenal-folder/10008.png",
        "name": "Takehiro Tomiyasu",
        "position": "Defender",
        "description": "Victor Lindelof is a talented defender..."
    },
    {
        "imgSrc": "./images/Arsenal-folder/10009.png",
        "name": "Olekzandhr Zincheko",
        "position": "Defender",
        "description": "Victor Lindelof is a talented defender..."
    },
    {
        "imgSrc": "./images/Arsenal-folder/10010.png",
        "name": "Cedric Soares",
        "position": "Defender",
        "description": "Victor Lindelof is a talented defender..."
    },
    {
        "imgSrc": "./images/Arsenal-folder/10011.png",
        "name": "Nuno Tavares",
        "position": "Defender",
        "description": "Victor Lindelof is a talented defender..."
    },
    {
        "imgSrc": "./images/Arsenal-folder/10001.png",
        "name": "Aaron Ramsdale",
        "position": "Defender",
        "description": "Victor Lindelof is a talented defender..."
    }
]
