[
    {
        "imgSrc": "./images/Chelsea-folder/10002.png",
        "name": "Benoit Badiashille",
        "position": "Defender",
        "description": "Victor Lindelof is a talented defender..."
    },
    {
        "imgSrc": "./images/Chelsea-folder/10003.png",
        "name": "Thiago Silva",
        "position": "Defender",
        "description": "Victor Lindelof is a talented defender..."
    },
    {
        "imgSrc": "./images/Chelsea-folder/10004.png",
        "name": "Trevor Cabaloah",
        "position": "Defender",
        "description": "Victor Lindelof is a talented defender..."
    },
    {
        "imgSrc": "./images/Chelsea-folder/10005.png",
        "name": "Ben Chilwell",
        "position": "Defender",
        "description": "Victor Lindelof is a talented defender..."
    },
    {
        "imgSrc": "./images/Chelsea-folder/10006.png",
        "name": "Recee James",
        "position": "Defender",
        "description": "Victor Lindelof is a talented defender..."
    },
    {
        "imgSrc": "./images/Chelsea-folder/10007.png",
        "name": "Marc Cruella",
        "position": "Defender",
        "description": "Victor Lindelof is a talented defender..."
    },
    {
        "imgSrc": "./images/Chelsea-folder/10008.png",
        "name": "Wesley FonFona",
        "position": "Defender",
        "description": "Victor Lindelof is a talented defender..."
    },
    {
        "imgSrc": "./images/Chelsea-folder/10009.png",
        "name": "Levi Coilwill",
        "position": "Defender",
        "description": "Victor Lindelof is a talented defender..."
    },
    {
        "imgSrc": "./images/Chelsea-folder/10010.png",
        "name": "Malang Scarr",
        "position": "Defender",
        "description": "Victor Lindelof is a talented defender..."
    },
    {
        "imgSrc": "./images/Chelsea-folder/10011.png",
        "name": "Iaan Maatsen",
        "position": "Defender",
        "description": "Victor Lindelof is a talented defender..."
    },
    {
        "imgSrc": "./images/Chelsea-folder/10001.png",
        "name": "Kepa",
        "position": "Defender",
        "description": "Victor Lindelof is a talented defender..."
    }
]
